rank,model_id,downloads,likes,model_type,architectures,parameters,library,created_at
1,Qwen/Qwen3-0.6B,18238415,,qwen3,Qwen3ForCausalLM,751632384,,
2,openai-community/gpt2,16004555,,gpt2,GPT2LMHeadModel,137022720,,
3,Qwen/Qwen2.5-7B-Instruct,13252297,,qwen2,Qwen2ForCausalLM,7615616512,,
4,Qwen/Qwen2.5-1.5B-Instruct,12184309,,qwen2,Qwen2ForCausalLM,1543714304,,
5,Qwen/Qwen3-8B,11478261,,qwen3,Qwen3ForCausalLM,8190735360,,
6,deepseek-ai/DeepSeek-V3.2,11120947,,deepseek_v32,DeepseekV32ForCausalLM,685396921376,,
7,Qwen/Qwen3-4B-Instruct-2507,10701536,,qwen3,Qwen3ForCausalLM,4022468096,,
8,meta-llama/Llama-3.1-8B-Instruct,9548227,,llama,LlamaForCausalLM,8030261248,,
9,facebook/opt-125m,8837457,,opt,OPTForCausalLM,,,
10,Qwen/Qwen2.5-3B-Instruct,8549319,,qwen2,Qwen2ForCausalLM,3085938688,,
11,openai/gpt-oss-20b,7180986,,gpt_oss,GptOssForCausalLM,21511953984,,
12,meta-llama/Llama-3.2-1B-Instruct,7091080,,llama,LlamaForCausalLM,1235814400,,
13,trl-internal-testing/tiny-Qwen2ForCausalLM-2.5,6516382,,qwen2,Qwen2ForCausalLM,2428632,,
14,Qwen/Qwen3-32B,6278531,,qwen3,Qwen3ForCausalLM,,,
15,Qwen/Qwen2.5-0.5B-Instruct,5779629,,qwen2,Qwen2ForCausalLM,494032768,,
16,dphn/dolphin-2.9.1-yi-1.5-34b,4698056,,llama,LlamaForCausalLM,34388917248,,
17,Qwen/Qwen2-1.5B-Instruct,4582991,,qwen2,Qwen2ForCausalLM,1543714304,,
18,openai/gpt-oss-120b,4379055,,gpt_oss,GptOssForCausalLM,120412337472,,
19,deepseek-ai/DeepSeek-R1,3633664,,deepseek_v3,DeepseekV3ForCausalLM,684531386000,,
20,Qwen/Qwen3-4B,3519648,,qwen3,Qwen3ForCausalLM,,,
21,Qwen/Qwen3-1.7B,3332968,,qwen3,Qwen3ForCausalLM,2031739904,,
22,Andycurrent/Gemma-3-1B-it-GLM-4.7-Flash-Heretic-Uncensored-Thinking_GGUF,3261957,,,,,,
23,mistralai/Mistral-7B-Instruct-v0.2,3190282,,mistral,MistralForCausalLM,7241732096,,
24,meta-llama/Meta-Llama-3-8B,3176705,,llama,LlamaForCausalLM,8030261248,,
25,EleutherAI/pythia-160m,3115806,,gpt_neox,GPTNeoXForCausalLM,,,
26,distilbert/distilgpt2,3036239,,gpt2,GPT2LMHeadModel,88204032,,
27,hmellor/tiny-random-LlamaForCausalLM,2988632,,llama,LlamaForCausalLM,1062992,,
28,TinyLlama/TinyLlama-1.1B-Chat-v1.0,2874032,,llama,LlamaForCausalLM,1100048384,,
29,Qwen/Qwen3-Coder-30B-A3B-Instruct,2597821,,qwen3_moe,Qwen3MoeForCausalLM,30532122624,,
30,Qwen/Qwen3-14B,2576657,,qwen3,Qwen3ForCausalLM,,,
31,Qwen/Qwen3Guard-Gen-0.6B,2554316,,qwen3,Qwen3ForCausalLM,751632384,,
32,Qwen/Qwen2.5-14B-Instruct,2524544,,qwen2,Qwen2ForCausalLM,,,
33,meta-llama/Llama-3.2-3B-Instruct,2441784,,llama,LlamaForCausalLM,3212749824,,
34,Qwen/Qwen2.5-Coder-7B-Instruct,2368857,,qwen2,Qwen2ForCausalLM,7615616512,,
35,Qwen/Qwen3-0.6B-FP8,2317014,,qwen3,Qwen3ForCausalLM,751659264,,
36,nvidia/Gemma-4-31B-IT-NVFP4,2262752,,gemma4,Gemma4ForConditionalGeneration,20868591152,,
37,Qwen/Qwen2.5-0.5B,2223644,,qwen2,Qwen2ForCausalLM,494032768,,
38,RedHatAI/Llama-3.2-1B-Instruct-FP8-dynamic,2171287,,llama,LlamaForCausalLM,1498859520,,
39,Qwen/Qwen2.5-14B-Instruct-AWQ,2036259,,qwen2,Qwen2ForCausalLM,14770033664,,
40,openai-community/gpt2-large,2019592,,gpt2,GPT2LMHeadModel,811778816,,
41,deepseek-ai/DeepSeek-V4-Pro,2017835,,deepseek_v4,DeepseekV4ForCausalLM,861608274846,,
42,EleutherAI/pythia-70m-deduped,1981110,,gpt_neox,GPTNeoXForCausalLM,95592496,,
43,Qwen/Qwen2.5-7B-Instruct-AWQ,1917759,,qwen2,Qwen2ForCausalLM,,,
44,Qwen/Qwen2.5-7B,1846403,,qwen2,Qwen2ForCausalLM,7615616512,,
45,deepseek-ai/DeepSeek-R1-0528,1725841,,deepseek_v3,DeepseekV3ForCausalLM,684531386000,,
46,meta-llama/Meta-Llama-3-8B-Instruct,1689850,,llama,LlamaForCausalLM,8030261248,,
47,Qwen/Qwen3-8B-AWQ,1689603,,qwen3,Qwen3ForCausalLM,8190735360,,
48,Qwen/Qwen3-4B-Base,1631667,,qwen3,Qwen3ForCausalLM,4022468096,,
49,apple/OpenELM-1_1B-Instruct,1601727,,openelm,OpenELMForCausalLM,,,
50,meta-llama/Llama-3.2-1B,1598641,,llama,LlamaForCausalLM,1235814400,,
51,Qwen/Qwen3-30B-A3B,1592444,,qwen3_moe,Qwen3MoeForCausalLM,,,
52,microsoft/Phi-4-mini-instruct,1525591,,phi3,Phi3ForCausalLM,,,
53,HuggingFaceTB/SmolLM2-135M-Instruct,1525390,,llama,LlamaForCausalLM,134515008,,
54,nvidia/DeepSeek-R1-0528-NVFP4-v2,1522417,,deepseek_v3,DeepseekV3ForCausalLM,393632819968,,
55,meta-llama/Llama-3.1-8B,1498155,,llama,LlamaForCausalLM,8030261248,,
56,nvidia/Kimi-K2.5-NVFP4,1461343,,kimi_k25,KimiK25ForConditionalGeneration,,,
57,Qwen/Qwen2.5-32B-Instruct-AWQ,1412079,,qwen2,Qwen2ForCausalLM,32763876352,,
58,Qwen/Qwen2.5-Coder-14B-Instruct-AWQ,1368091,,qwen2,Qwen2ForCausalLM,14770033664,,
59,ibm-research/PowerMoE-3b,1360410,,granitemoe,GraniteMoeForCausalLM,3374286336,,
60,Qwen/Qwen2.5-Coder-14B-Instruct,1294764,,qwen2,Qwen2ForCausalLM,14770033664,,
61,Qwen/Qwen2.5-Coder-7B,1272664,,qwen2,Qwen2ForCausalLM,7615616512,,
62,RedHatAI/Qwen2.5-1.5B-quantized.w8a8,1267881,,qwen2,Qwen2ForCausalLM,1777733120,,
63,zai-org/GLM-5-FP8,1246078,,glm_moe_dsa,GlmMoeDsaForCausalLM,753910024032,,
64,Qwen/Qwen2.5-Coder-32B-Instruct-AWQ,1208920,,qwen2,Qwen2ForCausalLM,32763876352,,
65,Qwen/Qwen3-30B-A3B-Instruct-2507,1207959,,qwen3_moe,Qwen3MoeForCausalLM,,,
66,Qwen/Qwen3-14B-AWQ,1190786,,qwen3,Qwen3ForCausalLM,14768307200,,
67,deepseek-ai/DeepSeek-Coder-V2-Lite-Instruct,1182790,,deepseek_v2,DeepseekV2ForCausalLM,15706484224,,
68,moonshotai/Kimi-K2-Instruct-0905,1165263,,kimi_k2,DeepseekV3ForCausalLM,1026470735448,,
69,ricdomolm/mini-coder-1.7b,1165147,,qwen3,Qwen3ForCausalLM,1720574976,,
70,meta-llama/Llama-2-7b-hf,1163511,,llama,LlamaForCausalLM,6738417664,,
71,Qwen/Qwen2-0.5B-Instruct,1162483,,qwen2,Qwen2ForCausalLM,494032768,,
72,deepseek-ai/DeepSeek-V4-Flash,1162290,,deepseek_v4,DeepseekV4ForCausalLM,158069433298,,
73,deepseek-ai/DeepSeek-V3,1156150,,deepseek_v3,DeepseekV3ForCausalLM,684531386000,,
74,llamafactory/tiny-random-Llama-3,1152259,,llama,LlamaForCausalLM,4112464,,
75,Qwen/Qwen3-Coder-Next,1104074,,qwen3_next,Qwen3NextForCausalLM,79674391296,,
76,nvidia/NVIDIA-Nemotron-3-Nano-30B-A3B-BF16,1103807,,nemotron_h,NemotronHForCausalLM,31577937344,,
77,meta-llama/Llama-3.2-3B,1102529,,llama,LlamaForCausalLM,3212749824,,
78,google/t5gemma-s-s-prefixlm,1097458,,t5gemma,T5GemmaForConditionalGeneration,312517632,,
79,prefeitura-rio/Rio-3.0-Open-Mini,1085928,,qwen3,Qwen3ForCausalLM,4022468096,,
80,sshleifer/tiny-gpt2,1054000,,gpt2,GPT2LMHeadModel,,,
81,mistralai/Mistral-7B-v0.1,1046267,,mistral,MistralForCausalLM,7241732096,,
82,h2oai/h2ovl-mississippi-800m,1029124,,h2ovl_chat,H2OVLChatModel,826295808,,
83,Qwen/Qwen2.5-Coder-32B-Instruct,1006595,,qwen2,Qwen2ForCausalLM,32763876352,,
84,RedHatAI/Llama-3.2-1B-Instruct-FP8,1002282,,llama,LlamaForCausalLM,1498482912,,
85,h2oai/h2ovl-mississippi-2b,1001005,,h2ovl_chat,H2OVLChatModel,2152317440,,
86,HuggingFaceTB/SmolLM2-135M,997736,,llama,LlamaForCausalLM,134515008,,
87,Qwen/Qwen2.5-1.5B-Instruct-AWQ,991842,,qwen2,Qwen2ForCausalLM,1777088000,,
88,deepseek-ai/DeepSeek-V2-Lite-Chat,990451,,deepseek_v2,DeepseekV2ForCausalLM,15706484224,,
89,TheBloke/TinyLlama-1.1B-Chat-v0.3-GPTQ,951970,,llama,LlamaForCausalLM,1100454912,,
90,kaitchup/Phi-3-mini-4k-instruct-gptq-4bit,937976,,phi3,Phi3ForCausalLM,3822095360,,
91,zai-org/GLM-5.1-FP8,933643,,glm_moe_dsa,GlmMoeDsaForCausalLM,753910024032,,
92,deepseek-ai/DeepSeek-R1-Distill-Qwen-32B,916893,,qwen2,Qwen2ForCausalLM,32763876352,,
93,nvidia/NVIDIA-Nemotron-3-Super-120B-A12B-NVFP4,892727,,nemotron_h,NemotronHForCausalLM,67228556288,,
94,cyankiwi/GLM-4.7-Flash-AWQ-4bit,889773,,glm4_moe_lite,Glm4MoeLiteForCausalLM,32140559382,,
95,MiniMaxAI/MiniMax-M2.5,877396,,minimax_m2,MiniMaxM2ForCausalLM,228703644928,,
96,Qwen/Qwen3-32B-AWQ,871576,,qwen3,Qwen3ForCausalLM,32762123264,,
97,Qwen/Qwen2.5-1.5B,869111,,qwen2,Qwen2ForCausalLM,1543714304,,
98,meta-llama/Llama-3.3-70B-Instruct,867836,,llama,LlamaForCausalLM,70553706496,,
99,deepseek-ai/DeepSeek-R1-Distill-Llama-8B,867053,,llama,LlamaForCausalLM,8030261248,,
100,bigscience/bloomz-560m,866184,,bloom,BloomForCausalLM,559214592,,
101,google/gemma-3-270m,864779,,gemma3_text,Gemma3ForCausalLM,268098176,,
102,Qwen/Qwen2.5-72B-Instruct-AWQ,863876,,qwen2,Qwen2ForCausalLM,72957861888,,
103,nvidia/NVIDIA-Nemotron-3-Nano-30B-A3B-FP8,854914,,nemotron_h,NemotronHForCausalLM,31577946256,,
104,QuantTrio/Qwen3-VL-30B-A3B-Instruct-AWQ,812124,,qwen3_vl_moe,Qwen3VLMoeForConditionalGeneration,31070754032,,
105,moonshotai/Kimi-K2-Instruct,794778,,kimi_k2,DeepseekV3ForCausalLM,1026470731056,,
106,microsoft/Phi-3.5-mini-instruct,778109,,phi3,Phi3ForCausalLM,3821079552,,
107,microsoft/phi-4,772988,,phi3,Phi3ForCausalLM,,,
108,hugging-quants/Llama-3.2-1B-Instruct-Q8_0-GGUF,766491,,,,,,
109,meta-llama/Llama-3.1-70B-Instruct,748681,,llama,LlamaForCausalLM,70553706496,,
110,Qwen/Qwen3-4B-Instruct-2507-FP8,746579,,qwen3,Qwen3ForCausalLM,4411646016,,
111,Qwen/Qwen3-Coder-30B-A3B-Instruct-FP8,721764,,qwen3_moe,Qwen3MoeForCausalLM,30533947392,,
112,openai-community/gpt2-medium,718387,,gpt2,GPT2LMHeadModel,379988992,,
113,nvidia/NVIDIA-Nemotron-3-Super-120B-A12B-BF16,714543,,nemotron_h,NemotronHForCausalLM,123611012096,,
114,MiniMaxAI/MiniMax-M2.7,708125,,minimax_m2,MiniMaxM2ForCausalLM,228703644928,,
115,microsoft/Phi-3-mini-4k-instruct,702973,,phi3,Phi3ForCausalLM,3821079552,,
116,zerofata/L3.3-GeneticLemonade-Final-v2-70B,697387,,llama,LlamaForCausalLM,70553706496,,
117,Qwen/Qwen2-7B-Instruct,679439,,qwen2,Qwen2ForCausalLM,7615616512,,
118,HuggingFaceM4/tiny-random-LlamaForCausalLM,674633,,llama,LlamaForCausalLM,,,
119,nm-testing/SmolLM-1.7B-Instruct-quantized.w4a16,667820,,llama,LlamaForCausalLM,427919696,,
120,microsoft/Phi-tiny-MoE-instruct,664051,,phimoe,PhiMoEForCausalLM,3755220288,,
121,google/gemma-3-1b-it,638604,,gemma3_text,Gemma3ForCausalLM,999885952,,
122,nvidia/Llama-3.1-8B-Instruct-FP8,628465,,llama,LlamaForCausalLM,8030261248,,
123,bineric/lynx-instruct-30b,627385,,qwen3_moe,Qwen3MoeForCausalLM,30532122624,,
124,peft-internal-testing/tiny-random-OPTForCausalLM,617947,,opt,OPTForCausalLM,812404,,
125,zai-org/GLM-4.7-Flash,616889,,glm4_moe_lite,Glm4MoeLiteForCausalLM,31221488576,,
126,Qwen/Qwen2.5-Math-7B,616385,,qwen2,Qwen2ForCausalLM,7615616512,,
127,nvidia/Qwen3.5-397B-A17B-NVFP4,613022,,qwen3_5_moe,Qwen3_5MoeForConditionalGeneration,,,
128,unsloth/Llama-3.1-8B-Instruct,608261,,llama,LlamaForCausalLM,8030261248,,
129,Qwen/Qwen2.5-32B-Instruct,602662,,qwen2,Qwen2ForCausalLM,,,
130,QuantTrio/Qwen3-Coder-30B-A3B-Instruct-AWQ,595410,,qwen3_moe,Qwen3MoeForCausalLM,30532122624,,
131,deepseek-ai/DeepSeek-V3-0324,580549,,deepseek_v3,DeepseekV3ForCausalLM,684531386000,,
132,sakamakismile/Qwen3.6-27B-Text-NVFP4-MTP,576328,,qwen3_5,Qwen3_5ForConditionalGeneration,16667329536,,
133,deepseek-ai/DeepSeek-R1-Distill-Qwen-7B,567034,,qwen2,Qwen2ForCausalLM,7615616512,,
134,Qwen/Qwen3-1.7B-Base,565657,,qwen3,Qwen3ForCausalLM,1720574976,,
135,allenai/Olmo-3-7B-Instruct,552587,,olmo3,Olmo3ForCausalLM,528384,,
136,Qwen/Qwen2.5-3B-Instruct-AWQ,551851,,qwen2,Qwen2ForCausalLM,3397103616,,
137,RedHatAI/Meta-Llama-3.1-8B-Instruct-FP8,541677,,llama,LlamaForCausalLM,8030261696,,
138,Qwen/Qwen2.5-32B-Instruct-GPTQ-Int4,540991,,qwen2,Qwen2ForCausalLM,32763876352,,
139,TechxGenus/DeepSeek-Coder-V2-Lite-Instruct-AWQ,540882,,deepseek_v2,DeepseekV2ForCausalLM,15706484224,,
140,LilaRest/gemma-4-31B-it-NVFP4-turbo,539721,,gemma4,Gemma4ForCausalLM,32527765820,,
141,Qwen/Qwen2.5-Coder-7B-Instruct-GPTQ-Int4,534682,,qwen2,Qwen2ForCausalLM,7615616512,,
142,nvidia/NVIDIA-Nemotron-Nano-9B-v2,534666,,nemotron_h,NemotronHForCausalLM,8888227328,,
143,bartowski/Qwen2.5-Coder-7B-Instruct-GGUF,531330,,,,,,
144,Qwen/Qwen3-235B-A22B,526850,,qwen3_moe,Qwen3MoeForCausalLM,235093634560,,
145,mlx-community/gpt-oss-20b-MXFP4-Q8,525628,,gpt_oss,GptOssForCausalLM,20914755648,,
146,Qwen/Qwen2.5-Coder-1.5B,523433,,qwen2,Qwen2ForCausalLM,,,
147,Qwen/Qwen3-4B-AWQ,522560,,qwen3,Qwen3ForCausalLM,4022468096,,
148,KomeijiForce/bart-large-emojilm,522388,,bart,BartForConditionalGeneration,,,
149,microsoft/phi-2,520105,,phi,PhiForCausalLM,2779683840,,
150,GSAI-ML/LLaDA-8B-Instruct,518706,,llada,LLaDAModelLM,,,
151,kosbu/Llama-3.3-70B-Instruct-AWQ,514903,,llama,LlamaForCausalLM,70553706496,,
152,Qwen/Qwen3-1.7B-GPTQ-Int8,514518,,qwen3,Qwen3ForCausalLM,1720574976,,
153,unsloth/GLM-4.7-Flash,513678,,glm4_moe_lite,Glm4MoeLiteForCausalLM,31221488576,,
154,trl-internal-testing/tiny-random-LlamaForCausalLM,512451,,llama,LlamaForCausalLM,1032276,,
155,hugging-quants/Meta-Llama-3.1-8B-Instruct-AWQ-INT4,509448,,llama,LlamaForCausalLM,,,
156,LiquidAI/LFM2.5-1.2B-Instruct,507458,,lfm2,Lfm2ForCausalLM,1170340608,,
157,trl-internal-testing/tiny-GptOssForCausalLM,501878,,gpt_oss,GptOssForCausalLM,3220472,,
158,Qwen/Qwen2.5-Math-1.5B,500615,,qwen2,Qwen2ForCausalLM,1543714304,,
159,nvidia/Gemma-4-26B-A4B-NVFP4,496874,,gemma4,Gemma4ForConditionalGeneration,14386941232,,
160,deepseek-ai/DeepSeek-V2-Lite,496306,,deepseek_v2,DeepseekV2ForCausalLM,15706484224,,
161,bigscience/bloom-560m,491886,,bloom,BloomForCausalLM,559214592,,
162,deepseek-ai/DeepSeek-R1-Distill-Qwen-1.5B,490817,,qwen2,Qwen2ForCausalLM,1777088000,,
163,Qwen/Qwen3-235B-A22B-Instruct-2507-FP8,484634,,qwen3_moe,Qwen3MoeForCausalLM,235107904512,,
164,state-spaces/mamba-130m-hf,481048,,mamba,MambaForCausalLM,129135360,,
165,deepseek-ai/DeepSeek-R1-Distill-Qwen-14B,473080,,qwen2,Qwen2ForCausalLM,14770033664,,
166,Qwen/Qwen2.5-72B-Instruct,472907,,qwen2,Qwen2ForCausalLM,72706203648,,
167,Qwen/Qwen3-4B-Thinking-2507,469850,,qwen3,Qwen3ForCausalLM,4022468096,,
168,Qwen/Qwen2-0.5B,467607,,qwen2,Qwen2ForCausalLM,,,
169,Qwen/Qwen2.5-3B,462760,,qwen2,Qwen2ForCausalLM,3085938688,,
170,huihui-ai/Qwen2.5-72B-Instruct-abliterated,460334,,qwen2,Qwen2ForCausalLM,72706203648,,
171,unsloth/Qwen2.5-7B-Instruct,457193,,qwen2,Qwen2ForCausalLM,7615616512,,
172,lmstudio-community/DeepSeek-R1-0528-Qwen3-8B-MLX-4bit,455991,,qwen3,Qwen3ForCausalLM,1280062464,,
173,EleutherAI/gpt-neo-125m,453267,,gpt_neo,GPTNeoForCausalLM,150364416,,
174,humarin/chatgpt_paraphraser_on_T5_base,451792,,t5,T5ForConditionalGeneration,222903552,,
175,Qwen/Qwen3-8B-Base,444651,,qwen3,Qwen3ForCausalLM,8190735360,,
176,NexVeridian/Qwen3-Coder-Next-8bit,443754,,qwen3_next,Qwen3NextForCausalLM,79674388992,,
177,Qwen/Qwen2.5-Coder-3B,440849,,qwen2,Qwen2ForCausalLM,3085938688,,
178,hmellor/tiny-random-BambaForCausalLM,440269,,bamba,BambaForCausalLM,33110760,,
179,google/gemma-2-9b-it,435084,,gemma2,Gemma2ForCausalLM,9241705984,,
180,farbodtavakkoli/OTel-LLM-8.3B-IT,425887,,gemma3_text,Gemma3ForCausalLM,,,
181,entropy/gpt2_zinc_87m,421511,,gpt2,GPT2LMHeadModel,,,
182,bartowski/gemma-2-2b-it-GGUF,418645,,,,,,
183,farbodtavakkoli/OTel-LLM-1.2B-IT,409791,,lfm2,Lfm2ForCausalLM,,,
184,lmstudio-community/DeepSeek-R1-0528-Qwen3-8B-MLX-8bit,408985,,qwen3,Qwen3ForCausalLM,2303865856,,
185,Qwen/Qwen2.5-Coder-7B-Instruct-AWQ,408389,,qwen2,Qwen2ForCausalLM,7615616512,,
186,mlx-community/Kimi-K2.5,406888,,kimi_k25,KimiK25ForConditionalGeneration,,,
187,cyankiwi/Qwen3-Next-80B-A3B-Instruct-AWQ-4bit,406700,,qwen3_next,Qwen3NextForCausalLM,83791264000,,
188,IlyaGusev/saiga_llama3_8b,403843,,llama,LlamaForCausalLM,8030261248,,
189,Qwen/Qwen2.5-Coder-3B-Instruct,398397,,qwen2,Qwen2ForCausalLM,3085938688,,
190,unsloth/mistral-7b-v0.3-bnb-4bit,397114,,mistral,MistralForCausalLM,7466691914,,
191,janhq/Jan-v3.5-4B-gguf,397106,,,,,,
192,trl-internal-testing/tiny-Qwen3ForCausalLM,391412,,qwen3,Qwen3ForCausalLM,2453368,,
193,meta-llama/Llama-2-7b-chat-hf,389839,,llama,LlamaForCausalLM,,,
194,zai-org/GLM-4.5-Air,389715,,glm4_moe,Glm4MoeForCausalLM,110468824832,,
195,hmellor/tiny-random-Gemma2ForCausalLM,384725,,gemma2,Gemma2ForCausalLM,8438816,,
196,stelterlab/Mistral-Small-24B-Instruct-2501-AWQ,378065,,mistral,MistralForCausalLM,23572403200,,
197,google/gemma-2-2b-it,375191,,gemma2,Gemma2ForCausalLM,2614341888,,
198,skt/kogpt2-base-v2,372741,,gpt2,GPT2LMHeadModel,,,
199,nvidia/NVIDIA-Nemotron-3-Super-120B-A12B-FP8,372274,,nemotron_h,NemotronHForCausalLM,123611012096,,
200,mistralai/Mistral-7B-Instruct-v0.1,371342,,mistral,MistralForCausalLM,,,
201,bg-digitalservices/Gemma-4-26B-A4B-it-NVFP4,370368,,gemma4,Gemma4ForConditionalGeneration,15094435406,,
202,lmstudio-community/LFM2-24B-A2B-MLX-4bit,369328,,lfm2_moe,Lfm2MoeForCausalLM,23843659008,,
203,nvidia/NVIDIA-Nemotron-3-Nano-30B-A3B-NVFP4,367856,,nemotron_h,NemotronHForCausalLM,18237772608,,
204,lmstudio-community/LFM2-24B-A2B-MLX-8bit,365731,,lfm2_moe,Lfm2MoeForCausalLM,23843659008,,
205,lmstudio-community/LFM2-24B-A2B-MLX-6bit,365543,,lfm2_moe,Lfm2MoeForCausalLM,23843659008,,
206,lmstudio-community/LFM2-24B-A2B-MLX-5bit,365410,,lfm2_moe,Lfm2MoeForCausalLM,23843659008,,
207,unsloth/MiniMax-M2.7-GGUF,361265,,,,,,
208,unsloth/Meta-Llama-3.1-8B-Instruct-bnb-4bit,352493,,llama,LlamaForCausalLM,8248929342,,
209,tiiuae/falcon-7b,339938,,falcon,FalconForCausalLM,7217189760,,
210,cyankiwi/Qwen3-Coder-30B-A3B-Instruct-AWQ-4bit,338211,,qwen3_moe,Qwen3MoeForCausalLM,5306567040,,
211,ibnzterrell/Meta-Llama-3.3-70B-Instruct-AWQ-INT4,337115,,llama,LlamaForCausalLM,70553706496,,
212,ibm-granite/granite-4.0-micro,333963,,granitemoehybrid,GraniteMoeHybridForCausalLM,,,
213,Qwen/Qwen3-Coder-Next-FP8,331693,,qwen3_next,Qwen3NextForCausalLM,79679212800,,
214,zai-org/GLM-4.7-FP8,324632,,glm4_moe,Glm4MoeForCausalLM,,,
215,trl-internal-testing/tiny-Qwen3MoeForCausalLM,318929,,qwen3_moe,Qwen3MoeForCausalLM,2603624,,
216,farbodtavakkoli/OTel-LLM-0.6B-IT,318539,,qwen3,Qwen3ForCausalLM,,,
217,QuantTrio/DeepSeek-V3.2-AWQ,317649,,deepseek_v32,DeepseekV32ForCausalLM,685011996928,,
218,Qwen/Qwen3-0.6B-Base,314669,,qwen3,Qwen3ForCausalLM,,,
219,Qwen/Qwen3-30B-A3B-Instruct-2507-FP8,313988,,qwen3_moe,Qwen3MoeForCausalLM,30533947392,,
220,Qwen/Qwen3-8B-FP8,310097,,qwen3,Qwen3ForCausalLM,8191159296,,
221,unsloth/Meta-Llama-3.1-8B-Instruct,309975,,llama,LlamaForCausalLM,8030261248,,
222,unsloth/Qwen3-Coder-Next-GGUF,307481,,,,,,
223,Qwen/Qwen2.5-Coder-1.5B-Instruct,306997,,qwen2,Qwen2ForCausalLM,1543714304,,
224,Qwen/Qwen2.5-Math-1.5B-Instruct,305958,,qwen2,Qwen2ForCausalLM,1543714304,,
225,google/gemma-2-2b,304430,,gemma2,Gemma2ForCausalLM,,,
226,timteh673/Qwen3.5-397B-A17B-Opus-4.6-Reasoning-Uncensored-GGUF,300656,,,,,,
227,unsloth/gpt-oss-20b-GGUF,297502,,gpt_oss,GptOssForCausalLM,,,
228,HuggingFaceTB/SmolLM-135M,296227,,llama,LlamaForCausalLM,134515008,,
229,EleutherAI/gpt-j-6b,293600,,gptj,GPTJForCausalLM,,,
230,bartowski/Llama-3.2-3B-Instruct-GGUF,293216,,,,,,
231,lmstudio-community/GLM-4.7-Flash-MLX-8bit,292097,,glm4_moe_lite,Glm4MoeLiteForCausalLM,29943393920,,
232,microsoft/DialoGPT-medium,292082,,gpt2,GPT2LMHeadModel,,,
233,ibm-granite/granite-4.0-h-small,290628,,granitemoehybrid,GraniteMoeHybridForCausalLM,,,
234,Qwen/Qwen3-32B-FP8,287993,,qwen3,Qwen3ForCausalLM,,,
235,Jiunsong/supergemma4-26b-uncensored-gguf-v2,287827,,,,,,
236,LGAI-EXAONE/EXAONE-Deep-7.8B,285706,,exaone,ExaoneForCausalLM,7818448896,,
237,zai-org/GLM-5.1,285446,,glm_moe_dsa,GlmMoeDsaForCausalLM,753864139008,,
238,Qwen/Qwen3-Next-80B-A3B-Instruct,284391,,qwen3_next,Qwen3NextForCausalLM,81324862720,,
239,Qwen/Qwen2.5-1.5B-Instruct-GGUF,284138,,,,,,
240,TIGER-Lab/VLM2Vec-Full,280914,,phi3_v,Phi3VForCausalLM,4146621440,,
241,List-cloud/List-3.0-Ultra-Coder-Brain,279859,,list_ultra_coder,MiniMaxM2ForCausalLM,228703644928,,
242,facebook/opt-1.3b,277857,,opt,OPTForCausalLM,,,
243,distil-labs/distil-lfm25-shellper,277712,,lfm2,Lfm2ForCausalLM,354483968,,
244,bartowski/Meta-Llama-3.1-8B-Instruct-GGUF,275735,,,,,,
245,lmstudio-community/GLM-4.7-Flash-MLX-6bit,274176,,glm4_moe_lite,Glm4MoeLiteForCausalLM,29943393920,,
246,Qwen/Qwen2.5-3B-Instruct-GGUF,265059,,,,,,
247,codellama/CodeLlama-7b-hf,264792,,llama,LlamaForCausalLM,6738546688,,
248,bigcode/tiny_starcoder_py,260766,,gpt_bigcode,GPTBigCodeForCausalLM,164144128,,
249,hesamation/Qwen3.6-35B-A3B-Claude-4.6-Opus-Reasoning-Distilled-GGUF,258905,,,,,,
250,cyankiwi/MiniMax-M2.7-AWQ-4bit,251379,,minimax_m2,MiniMaxM2ForCausalLM,36811839984,,
251,unsloth/gpt-oss-120b-GGUF,250648,,gpt_oss,GptOssForCausalLM,,,
252,EleutherAI/gpt-neox-20b,250644,,gpt_neox,GPTNeoXForCausalLM,,,
253,microsoft/Phi-3-mini-128k-instruct,242438,,phi3,Phi3ForCausalLM,,,
254,meta-llama/Llama-3.1-405B-Instruct,241184,,llama,LlamaForCausalLM,405853388800,,
255,LSX-UniWue/LLaMmlein_1B_prerelease,238319,,llama,LlamaForCausalLM,1100048384,,
256,trl-internal-testing/dummy-GPT2-correct-vocab,237037,,gpt2,GPT2LMHeadModel,1658617,,
257,unsloth/Llama-3.2-1B-Instruct,234658,,llama,LlamaForCausalLM,1235814400,,
258,unsloth/Qwen2.5-7B-Instruct-bnb-4bit,233006,,qwen2,Qwen2ForCausalLM,7820050908,,
259,Nanbeige/Nanbeige4.1-3B,231105,,llama,LlamaForCausalLM,3933637120,,
260,stepfun-ai/Step-3.5-Flash,230053,,step3p5,Step3p5ForCausalLM,199384301376,,
261,hmellor/Ilama-3.2-1B,229147,,ilama,IlamaForCausalLM,1235814400,,
262,cyberagent/open-calm-3b,228222,,gpt_neox,GPTNeoXForCausalLM,,,
263,RedHatAI/Meta-Llama-3.1-8B-FP8,227396,,llama,LlamaForCausalLM,8030261696,,
264,cckevinn/SeeClick,227148,,qwen,QWenLMHeadModel,9656935168,,
265,trl-internal-testing/tiny-LlamaForCausalLM-3.2,226056,,llama,LlamaForCausalLM,2054056,,
266,peft-internal-testing/opt-125m,226030,,opt,OPTForCausalLM,125239296,,
267,unsloth/Llama-3.3-70B-Instruct-GGUF,223793,,llama,LlamaForCausalLM,,,
268,deepseek-ai/DeepSeek-V3.2-Exp,221457,,deepseek_v32,DeepseekV32ForCausalLM,685396921376,,
269,NousResearch/Hermes-3-Llama-3.1-8B,220756,,llama,LlamaForCausalLM,8030261248,,
270,lmstudio-community/Qwen3-Coder-30B-A3B-Instruct-MLX-4bit,216538,,qwen3_moe,Qwen3MoeForCausalLM,30532122624,,
271,unsloth/gemma-3-1b-it,214225,,gemma3_text,Gemma3ForCausalLM,999885952,,
272,OBLITERATUS/gemma-4-E4B-it-OBLITERATED,213911,,gemma4,Gemma4ForConditionalGeneration,7996156448,,
273,google/gemma-7b,211874,,gemma,GemmaForCausalLM,,,
274,hugging-quants/Meta-Llama-3.1-70B-Instruct-AWQ-INT4,208640,,llama,LlamaForCausalLM,,,
275,Zyphra/Zamba2-1.2B-instruct,208520,,zamba2,Zamba2ForCausalLM,1215064704,,
276,naver-hyperclovax/HyperCLOVAX-SEED-Omni-8B,207019,,vlm,HCXVisionV2ForCausalLM,10741664520,,
277,EleutherAI/gpt-neo-2.7B,205917,,gpt_neo,GPTNeoForCausalLM,2718416384,,
278,trl-internal-testing/tiny-Glm4MoeForCausalLM,204723,,glm4_moe,Glm4MoeForCausalLM,2592028,,
279,trl-internal-testing/tiny-Gemma2ForCausalLM,203364,,gemma2,Gemma2ForCausalLM,2098760,,
280,Qwen/Qwen3-235B-A22B-FP8,203014,,qwen3_moe,Qwen3MoeForCausalLM,235107904512,,
281,microsoft/Phi-3-vision-128k-instruct,200735,,phi3_v,Phi3VForCausalLM,,,
282,deepseek-ai/deepseek-coder-6.7b-instruct,200509,,llama,LlamaForCausalLM,6740512768,,
283,allenai/Olmo-3-1025-7B,196802,,olmo3,Olmo3ForCausalLM,7298011136,,
284,trl-internal-testing/tiny-LlamaForCausalLM-3,196163,,llama,LlamaForCausalLM,2054056,,
285,lmstudio-community/Qwen3-Coder-30B-A3B-Instruct-MLX-5bit,196013,,qwen3_moe,Qwen3MoeForCausalLM,30532122624,,
286,nvidia/Qwen2.5-VL-7B-Instruct-NVFP4,193914,,qwen2_5_vl,Qwen2_5_VLForConditionalGeneration,5029522432,,
287,zai-org/GLM-5,193621,,glm_moe_dsa,GlmMoeDsaForCausalLM,753864139008,,
288,Qwen/Qwen2.5-14B-Instruct-GPTQ-Int4,193284,,qwen2,Qwen2ForCausalLM,14770033664,,
289,lmsys/vicuna-7b-v1.5,191361,,llama,LlamaForCausalLM,,,
290,mlx-community/Qwen3.5-9B-OptiQ-4bit,190947,,qwen3_5,Qwen3_5ForConditionalGeneration,8953801728,,
291,LGAI-EXAONE/EXAONE-3.5-7.8B-Instruct,190118,,exaone,ExaoneForCausalLM,,,
292,mtgv/MobileLLaMA-1.4B-Chat,188631,,llama,LlamaForCausalLM,,,
293,unsloth/gpt-oss-120b-BF16,187886,,gpt_oss,GptOssForCausalLM,116829156672,,
294,Qwen/Qwen3-14B-FP8,186836,,qwen3,Qwen3ForCausalLM,,,
295,openai-community/openai-gpt,186389,,openai-gpt,OpenAIGPTLMHeadModel,119680512,,
296,K-Compression/HyperCLOVAX-SEED-Think-14B-GPTQ,186344,,hyperclovax,HyperCLOVAXForCausalLM,14748112896,,
297,lmstudio-community/Qwen3-Coder-30B-A3B-Instruct-MLX-8bit,186294,,qwen3_moe,Qwen3MoeForCausalLM,30532122624,,
298,litert-community/Qwen2.5-1.5B-Instruct,186106,,,,,,
299,deepseek-ai/DeepSeek-V3.1,185532,,deepseek_v3,DeepseekV3ForCausalLM,684531386000,,
300,Qwen/Qwen3-4B-Thinking-2507-FP8,185344,,qwen3,Qwen3ForCausalLM,,,
301,HuggingFaceTB/SmolLM2-360M-Instruct,184968,,llama,LlamaForCausalLM,,,
302,litert-community/DeepSeek-R1-Distill-Qwen-1.5B,184333,,,,,,
303,trl-internal-testing/tiny-CohereForCausalLM,182974,,cohere,CohereForCausalLM,2042176,,
304,lmstudio-community/Qwen3-Coder-30B-A3B-Instruct-MLX-6bit,182785,,qwen3_moe,Qwen3MoeForCausalLM,30532122624,,
305,google/gemma-2b,182551,,gemma,GemmaForCausalLM,2506172416,,
306,openai-community/gpt2-xl,182415,,gpt2,GPT2LMHeadModel,1607942848,,
307,BSC-LT/salamandra-7b-instruct,181673,,llama,LlamaForCausalLM,7768117248,,
308,huggyllama/llama-7b,180789,,llama,LlamaForCausalLM,6738417664,,
309,xlnet/xlnet-base-cased,180446,,xlnet,XLNetLMHeadModel,,,
310,trl-internal-testing/tiny-DeepseekV3ForCausalLM,180417,,deepseek_v3,DeepseekV3ForCausalLM,5516568,,
311,Qwen/Qwen1.5-MoE-A2.7B,178752,,qwen2_moe,Qwen2MoeForCausalLM,14315784192,,
312,lordx64/Qwen3.6-35B-A3B-Claude-4.7-Opus-Reasoning-Distilled,178233,,qwen3_5_moe,Qwen3_5MoeForConditionalGeneration,35951822704,,
313,douyamv/Gemma-4-31B-JANG_4M-CRACK-GGUF,178060,,,,,,
314,MaziyarPanahi/Phi-3.5-mini-instruct-GGUF,177202,,mistral,,,,
315,trl-internal-testing/tiny-GemmaForCausalLM,177022,,gemma,GemmaForCausalLM,2098728,,
316,unsloth/Qwen3-14B-unsloth-bnb-4bit,176860,,qwen3,Qwen3ForCausalLM,,,
317,unsloth/Qwen3-4B-unsloth-bnb-4bit,176747,,qwen3,Qwen3ForCausalLM,,,
318,microsoft/Phi-mini-MoE-instruct,175863,,phimoe,PhiMoEForCausalLM,7647632704,,
319,casperhansen/llama-3.3-70b-instruct-awq,175048,,llama,LlamaForCausalLM,70553706496,,
320,unsloth/Qwen2.5-Coder-7B-Instruct-bnb-4bit,174906,,qwen2,Qwen2ForCausalLM,7820050928,,
321,BioMistral/BioMistral-7B,173999,,mistral,MistralForCausalLM,,,
322,txn545/Qwen3.5-122B-A10B-NVFP4,173034,,qwen3_5_moe,Qwen3_5MoeForConditionalGeneration,64354266864,,
323,mlx-community/Kimi-K2.6-mlx-DQ3_K_M-q8,172877,,kimi_k25,KimiK25ForConditionalGeneration,1026408232448,,
324,deepseek-ai/deepseek-coder-7b-instruct-v1.5,171884,,llama,LlamaForCausalLM,6910365696,,
325,farbodtavakkoli/OTel-LLM-1B-IT,171219,,gemma3_text,Gemma3ForCausalLM,999885952,,
326,unsloth/Llama-3.2-3B-Instruct,171091,,llama,LlamaForCausalLM,3212749824,,
327,unsloth/Qwen2.5-0.5B-unsloth-bnb-4bit,170863,,qwen2,Qwen2ForCausalLM,503986238,,
328,EleutherAI/pythia-14m,170585,,gpt_neox,GPTNeoXForCausalLM,14067712,,
329,huihui-ai/DeepSeek-R1-Distill-Qwen-32B-abliterated,170566,,qwen2,Qwen2ForCausalLM,32763876352,,
330,Qwen/Qwen3-30B-A3B-FP8,170179,,qwen3_moe,Qwen3MoeForCausalLM,,,
331,Qwen/Qwen3-30B-A3B-GPTQ-Int4,169334,,qwen3_moe,Qwen3MoeForCausalLM,30532122624,,
332,google/gemma-3-270m-it,168912,,gemma3_text,Gemma3ForCausalLM,,,
333,JackFram/llama-68m,168627,,llama,LlamaForCausalLM,,,
334,MaziyarPanahi/Qwen3-0.6B-GGUF,167149,,mistral,,,,
335,unsloth/Qwen3-Coder-30B-A3B-Instruct-GGUF,166640,,,,,,
336,farbodtavakkoli/OTel-LLM-270M-IT,165620,,gemma3_text,Gemma3ForCausalLM,268098176,,
337,LaaP-ai/qwen-base-invoicev1.01-1.5B,165358,,qwen2,Qwen2ForCausalLM,1543714304,,
338,trl-internal-testing/tiny-MistralForCausalLM-0.2,164848,,mistral,MistralForCausalLM,513960,,
339,jinaai/ReaderLM-v2,164134,,qwen2,Qwen2ForCausalLM,1543714304,,
340,MaziyarPanahi/Qwen3-1.7B-GGUF,163972,,mistral,,,,
341,unsloth/gpt-oss-20b-unsloth-bnb-4bit,163755,,gpt_oss,GptOssForCausalLM,20914757184,,
342,MaziyarPanahi/Qwen3-14B-GGUF,163730,,mistral,,,,
343,meta-llama/Llama-3.1-405B,163331,,llama,LlamaForCausalLM,405853388800,,
344,MaziyarPanahi/Qwen3-8B-GGUF,162762,,mistral,,,,
345,MaziyarPanahi/Qwen3-4B-GGUF,162636,,mistral,,,,
346,HuggingFaceH4/zephyr-7b-beta,162494,,mistral,MistralForCausalLM,7241732096,,
347,Qwen/Qwen2.5-14B-Instruct-GGUF,161712,,,,,,
348,Dream-org/Dream-v0-Instruct-7B,161607,,Dream,DreamModel,7615616512,,
349,CohereLabs/c4ai-command-r-v01-4bit,161133,,cohere,CohereForCausalLM,35494684112,,
350,llamafactory/tiny-random-qwen3,160144,,qwen3,Qwen3ForCausalLM,2439264,,
351,lmstudio-community/Qwen2.5-Coder-14B-Instruct-MLX-4bit,158592,,qwen2,Qwen2ForCausalLM,2308527104,,
352,EleutherAI/pythia-410m,158508,,gpt_neox,GPTNeoXForCausalLM,505997504,,
353,rinna/japanese-gpt-neox-small,157655,,gpt_neox,GPTNeoXForCausalLM,203611008,,
354,moonshotai/Kimi-K2-Thinking,157315,,kimi_k2,DeepseekV3ForCausalLM,1058118284416,,
355,google/gemma-1.1-2b-it,157271,,gemma,GemmaForCausalLM,2506172416,,
356,cyankiwi/Qwen3-4B-Instruct-2507-AWQ-4bit,157270,,qwen3,Qwen3ForCausalLM,1264206840,,
357,cais/HarmBench-Llama-2-13b-cls,157180,,llama,LlamaForCausalLM,13015864320,,
358,MaziyarPanahi/Qwen3-32B-GGUF,156979,,,,,,
359,MaziyarPanahi/Qwen3-30B-A3B-GGUF,156955,,,,,,
360,swiss-ai/Apertus-8B-Instruct-2509,156441,,apertus,ApertusForCausalLM,8053338176,,
361,trl-internal-testing/tiny-LlamaForCausalLM-3.1,155658,,llama,LlamaForCausalLM,2054056,,
362,KyleHessling1/Qwopus-GLM-18B-Merged-GGUF,154903,,,,,,
363,unsloth/Qwen2.5-3B-Instruct-unsloth-bnb-4bit,154883,,qwen2,Qwen2ForCausalLM,3166608872,,
364,HuggingFaceTB/SmolLM2-1.7B-Instruct,153667,,llama,LlamaForCausalLM,,,
365,NousResearch/Llama-2-7b-hf,153462,,llama,LlamaForCausalLM,6738417664,,
366,Qwen/Qwen3-Next-80B-A3B-Instruct-FP8,152048,,qwen3_next,Qwen3NextForCausalLM,81329784384,,
367,trl-internal-testing/tiny-Cohere2ForCausalLM,151107,,cohere2,Cohere2ForCausalLM,2090024,,
368,erwanf/gpt2-mini,150634,,gpt2,GPT2LMHeadModel,38604288,,
369,SanjiWatsuki/Kunoichi-DPO-v2-7B,150327,,mistral,MistralForCausalLM,7241732096,,
370,Jackrong/Qwen3.5-4B-Claude-4.6-Opus-Reasoning-Distilled-GGUF,150145,,qwen3_5,Qwen3_5ForConditionalGeneration,,,
371,facebook/opt-350m,146521,,opt,OPTForCausalLM,,,
372,inclusionAI/LLaDA2.0-mini,146241,,llada2_moe,LLaDA2MoeModelLM,16255643392,,
373,meta-llama/Llama-2-70b-chat-hf,145907,,llama,LlamaForCausalLM,,,
374,ArliAI/gpt-oss-20b-Derestricted,145258,,gpt_oss,GptOssForCausalLM,20914757184,,
375,RedHatAI/Meta-Llama-3.1-70B-Instruct-quantized.w4a16,144616,,llama,LlamaForCausalLM,70553706496,,
376,HuggingFaceTB/SmolLM2-1.7B,143992,,llama,LlamaForCausalLM,1711376384,,
377,trl-internal-testing/tiny-MistralForCausalLM-0.1,143956,,mistral,MistralForCausalLM,513960,,
378,TheBloke/Mistral-7B-Instruct-v0.2-GPTQ,143661,,mistral,MistralForCausalLM,7243108352,,
379,unsloth/Qwen3-0.6B-unsloth-bnb-4bit,143045,,qwen3,Qwen3ForCausalLM,,,
380,unsloth/Qwen2.5-3B-Instruct,142739,,qwen2,Qwen2ForCausalLM,3085938688,,
381,ibm-research/PowerLM-3b,141632,,granite,GraniteForCausalLM,3512017152,,
382,Qwen/Qwen2.5-14B,141357,,qwen2,Qwen2ForCausalLM,14770033664,,
383,meta-llama/Llama-2-13b-chat-hf,140157,,llama,LlamaForCausalLM,,,
384,deepseek-ai/DeepSeek-R1-0528-Qwen3-8B,139712,,qwen3,Qwen3ForCausalLM,8190735360,,
385,MaziyarPanahi/Qwen3-4B-Instruct-2507-GGUF,138158,,mistral,,,,
386,cyankiwi/Qwen3-Next-80B-A3B-Thinking-AWQ-4bit,136747,,qwen3_next,Qwen3NextForCausalLM,83791264000,,
387,HuggingFaceTB/SmolLM3-3B,136453,,smollm3,SmolLM3ForCausalLM,3075098624,,
388,Maykeye/TinyLLama-v0,135988,,llama,LlamaForCausalLM,4621392,,
389,unsloth/Qwen2.5-7B-Instruct-unsloth-bnb-4bit,135462,,qwen2,Qwen2ForCausalLM,7786310038,,
390,omni-research/Tarsier-7b,134632,,llava,TarsierForConditionalGeneration,7063427072,,
391,casperhansen/deepseek-coder-v2-instruct-awq,134052,,deepseek_v2,DeepseekV2ForCausalLM,235741434880,,
392,NousResearch/Meta-Llama-3-8B,132419,,llama,LlamaForCausalLM,8030261248,,
393,Qwen/Qwen2-1.5B,131969,,qwen2,Qwen2ForCausalLM,1543714304,,
394,speakleash/Bielik-11B-v3.0-Instruct,131966,,llama,LlamaForCausalLM,11168796672,,
395,nvidia/Qwen3-30B-A3B-NVFP4,131456,,qwen3_moe,Qwen3MoeForCausalLM,15583623168,,
396,Qwen/Qwen3-Coder-480B-A35B-Instruct-FP8,131305,,qwen3_moe,Qwen3MoeForCausalLM,,,
397,Qwen/Qwen2.5-Coder-1.5B-Instruct-AWQ,131199,,qwen2,Qwen2ForCausalLM,1777088000,,
398,Qwen/Qwen2.5-Coder-0.5B-Instruct,130128,,qwen2,Qwen2ForCausalLM,494032768,,
399,unsloth/Qwen2.5-0.5B-Instruct,130065,,qwen2,Qwen2ForCausalLM,494032768,,
400,speakleash/Bielik-11B-v3.0-Instruct-awq,130025,,llama,LlamaForCausalLM,1722602172,,
401,Qwen/Qwen2.5-Coder-7B-Instruct-GGUF,129867,,,,,,
402,lmstudio-community/LFM2.5-1.2B-Instruct-MLX-8bit,129686,,lfm2,Lfm2ForCausalLM,329251584,,
403,upstage/Solar-Open-100B,129063,,solar_open,SolarOpenForCausalLM,,,
404,google/gemma-3-1b-pt,127856,,gemma3_text,Gemma3ForCausalLM,,,
405,trl-internal-testing/tiny-DeepseekV3ForCausalLM-0528,127830,,deepseek_v3,DeepseekV3ForCausalLM,5516568,,
406,meta-llama/Meta-Llama-3-70B,127828,,llama,LlamaForCausalLM,70553706496,,
407,lmstudio-community/LFM2.5-1.2B-Instruct-MLX-4bit,127655,,lfm2,Lfm2ForCausalLM,182975232,,
408,RedHatAI/DeepSeek-Coder-V2-Lite-Instruct-FP8,127337,,deepseek_v2,DeepseekV2ForCausalLM,15706484224,,
409,lmstudio-community/LFM2.5-1.2B-Instruct-MLX-6bit,127253,,lfm2,Lfm2ForCausalLM,256113408,,
410,lmstudio-community/Qwen2.5-Coder-14B-Instruct-MLX-8bit,127181,,qwen2,Qwen2ForCausalLM,4154676224,,
411,inclusionAI/LLaDA2.1-flash,126229,,llada2_moe,LLaDA2MoeModelLM,102889705216,,
412,stelterlab/Qwen3-14B-AWQ,125843,,qwen3,Qwen3ForCausalLM,14768307200,,
413,Efficient-Large-Model/gemma-2-2b-it,124537,,gemma2,Gemma2ForCausalLM,2614341888,,
414,OpenPipe/Qwen3-14B-Instruct,124334,,qwen3,Qwen3ForCausalLM,14768307200,,
415,deepseek-ai/DeepSeek-R1-Distill-Llama-70B,123906,,llama,LlamaForCausalLM,70553706496,,
416,cyankiwi/MiniMax-M2.5-REAP-139B-A10B-AWQ-4bit,123819,,minimax_m2,MiniMaxM2ForCausalLM,22804698552,,
417,allenai/OLMoE-1B-7B-0924,123471,,olmoe,OlmoeForCausalLM,,,
418,Qwen/Qwen2.5-32B,122638,,qwen2,Qwen2ForCausalLM,32763876352,,
419,LiquidAI/LFM2.5-1.2B-Instruct-GGUF,122072,,,,,,
420,TrevorJS/gemma-4-26B-A4B-it-uncensored,121967,,gemma4,Gemma4ForConditionalGeneration,25805933872,,
421,stas/tiny-random-llama-2,121550,,llama,LlamaForCausalLM,104272,,
422,lmstudio-community/Meta-Llama-3.1-8B-Instruct-GGUF,121479,,,,,,
423,meta-llama/Llama-3.1-70B,120516,,llama,LlamaForCausalLM,70553706496,,
424,Qwen/QwQ-32B-AWQ,120158,,qwen2,Qwen2ForCausalLM,32763876352,,
425,Qwen/Qwen3-30B-A3B-Thinking-2507,119712,,qwen3_moe,Qwen3MoeForCausalLM,30532122624,,
426,JunHowie/Qwen3-14B-GPTQ-Int4,119480,,qwen3,Qwen3ForCausalLM,14768307200,,
427,peft-internal-testing/tiny-dummy-qwen2,119473,,qwen2,Qwen2ForCausalLM,1217480,,
428,Vamsi/T5_Paraphrase_Paws,119356,,t5,T5ForConditionalGeneration,222903936,,
429,HuggingFaceTB/SmolLM-360M-Instruct,118660,,llama,LlamaForCausalLM,361821120,,
430,Ex0bit/Qwen3.6-35B-A3B-PRISM-NVFP4,118630,,qwen3_5_moe,Qwen3_5MoeForConditionalGeneration,,,
431,TitanML/tiny-mixtral,118588,,mixtral,MixtralForCausalLM,246961152,,
432,ansulev/Darwin-9B-NEG,118336,,qwen3_5,Qwen3_5ForConditionalGeneration,9653104368,,
433,deepseek-ai/DeepSeek-Coder-V2-Instruct,117990,,deepseek_v2,DeepseekV2ForCausalLM,235741434880,,
434,zai-org/GLM-4.5,117434,,glm4_moe,Glm4MoeForCausalLM,358337791296,,
435,Qwen/Qwen2.5-32B-Instruct-GPTQ-Int8,116929,,qwen2,Qwen2ForCausalLM,32763876352,,
436,unsloth/Qwen2.5-3B-Instruct-bnb-4bit,116716,,qwen2,Qwen2ForCausalLM,3172967424,,
437,Salesforce/codegen-350M-mono,116656,,codegen,CodeGenForCausalLM,,,
438,microsoft/Phi-3.5-MoE-instruct,116164,,phimoe,PhiMoEForCausalLM,,,
439,JackFram/llama-160m,116095,,llama,LlamaForCausalLM,162417792,,
440,nvidia/Nemotron-Mini-4B-Instruct,115293,,nemotron,NemotronForCausalLM,,,
441,allenai/OLMo-2-0425-1B,115023,,olmo2,Olmo2ForCausalLM,1484916736,,
442,microsoft/biogpt,114937,,biogpt,BioGptForCausalLM,,,
443,meta-llama/Llama-Guard-3-8B,114584,,llama,LlamaForCausalLM,8030261248,,
444,Qwen/Qwen3-235B-A22B-Instruct-2507,112162,,qwen3_moe,Qwen3MoeForCausalLM,,,
445,thesven/Mistral-7B-Instruct-v0.3-GPTQ,111665,,mistral,MistralForCausalLM,7249399808,,
446,unsloth/llama-3-8b-Instruct-bnb-4bit,110945,,llama,LlamaForCausalLM,8248929382,,
447,MaxJeblick/llama2-0b-unit-test,109719,,llama,LlamaForCausalLM,770940,,
448,trl-internal-testing/tiny-Phi3ForCausalLM-3,109199,,phi3,Phi3ForCausalLM,514136,,
449,NousResearch/Meta-Llama-3.1-8B-Instruct,108047,,llama,LlamaForCausalLM,8030261248,,
450,TheBloke/Mistral-7B-Instruct-v0.2-AWQ,107852,,mistral,MistralForCausalLM,7241732096,,
451,Qwen/Qwen-VL,107595,,qwen,QWenLMHeadModel,,,
452,mudler/Qwen3.5-35B-A3B-APEX-GGUF,107536,,,,,,
453,Qwen/Qwen2.5-Coder-32B-Instruct-GGUF,107437,,,,,,
454,XiaomiMiMo/MiMo-7B-Base,106592,,mimo,MiMoForCausalLM,7833409536,,
455,MaziyarPanahi/Mistral-7B-Instruct-v0.3-GGUF,105182,,mistral,,,,
456,meta-llama/Meta-Llama-3-70B-Instruct,105127,,llama,LlamaForCausalLM,70553706496,,
457,yuhuili/EAGLE-LLaMA3-Instruct-8B,104805,,llama,LlamaForCausalLM,,,
458,TinyLlama/TinyLlama-1.1B-intermediate-step-1431k-3T,104796,,llama,LlamaForCausalLM,,,
459,Jackrong/Qwopus-GLM-18B-Merged-GGUF,104665,,,,,,
460,lmms-lab/llava-onevision-qwen2-7b-ov,104651,,llava,LlavaQwenForCausalLM,8030348832,,
461,nvidia/MiniMax-M2.5-NVFP4,104397,,minimax_m2,MiniMaxM2ForCausalLM,116349510656,,
462,XiaomiMiMo/MiMo-V2-Flash,104340,,mimo_v2_flash,MiMoV2FlashForCausalLM,309785318400,,
463,unsloth/GLM-4.7-Flash-GGUF,104117,,,,,,
464,GSAI-ML/LLaDA-8B-Base,103534,,llada,LLaDAModelLM,,,
465,HuggingFaceTB/SmolLM3-3B-Base,103503,,smollm3,SmolLM3ForCausalLM,3075098624,,
466,LiquidAI/LFM2-8B-A1B,103408,,lfm2_moe,Lfm2MoeForCausalLM,8339929856,,
467,ggml-org/stories15M_MOE,103189,,mixtral,MixtralForCausalLM,36358560,,
468,TheBloke/TinyLlama-1.1B-Chat-v1.0-GPTQ,102910,,llama,LlamaForCausalLM,1100442624,,
469,bigcode/starcoder2-3b,102587,,starcoder2,Starcoder2ForCausalLM,3030371328,,
470,LiquidAI/LFM2.5-350M,102148,,lfm2,Lfm2ForCausalLM,354483968,,
471,kmhf/hf-moshiko,102010,,moshi,MoshiForConditionalGeneration,7783880545,,
472,Doradus-AI/RnJ-1-Instruct-FP8,101965,,gemma3_text,Gemma3ForCausalLM,8837345280,,
473,TheBloke/TinyLlama-1.1B-Chat-v0.3-AWQ,100431,,llama,LlamaForCausalLM,1100060672,,
474,TrevorJS/gemma-4-E4B-it-uncensored-GGUF,100368,,,,,,
475,naver-hyperclovax/HyperCLOVAX-SEED-Think-32B,99709,,vlm,HCXVisionV2ForCausalLM,33313410304,,
476,Alibaba-NLP/Tongyi-DeepResearch-30B-A3B,99166,,qwen3_moe,Qwen3MoeForCausalLM,30532122624,,
477,llmfan46/Gemma-4-Garnet-V2-31B-it-ultra-uncensored-heretic-GGUF,99139,,,,,,
478,nvidia/NVIDIA-Nemotron-3-Nano-4B-BF16,99068,,nemotron_h,NemotronHForCausalLM,,,
479,nvidia/GLM-5-NVFP4,99005,,glm_moe_dsa,GlmMoeDsaForCausalLM,435238854912,,
480,bartowski/Llama-3.2-1B-Instruct-GGUF,98969,,,,,,
481,facebook/xglm-564M,98036,,xglm,XGLMForCausalLM,,,
482,lmstudio-community/NVIDIA-Nemotron-3-Nano-30B-A3B-MLX-4bit,97461,,,,31577935872,,
483,delphi-suite/v0-llama2-100k,97304,,llama,LlamaForCausalLM,,,
484,cyankiwi/Qwen3-Coder-Next-AWQ-4bit,96879,,qwen3_next,Qwen3NextForCausalLM,14444722944,,
485,EleutherAI/pythia-160m-deduped,95881,,gpt_neox,GPTNeoXForCausalLM,212654688,,
486,stepfun-ai/Step-3.5-Flash-FP8,95217,,step3p5,Step3p5ForCausalLM,199395913536,,
487,unsloth/Qwen3-8B,94527,,qwen3,Qwen3ForCausalLM,,,
488,casperhansen/llama-3-8b-instruct-awq,94488,,llama,LlamaForCausalLM,,,
489,nvidia/Llama-3_3-Nemotron-Super-49B-v1_5-FP8,94461,,nemotron-nas,DeciLMForCausalLM,49867145216,,
490,unsloth/Qwen3-4B-Instruct-2507-unsloth-bnb-4bit,93232,,qwen3,Qwen3ForCausalLM,,,
491,MiniMaxAI/MiniMax-M2,93228,,minimax_m2,MiniMaxM2ForCausalLM,228703644928,,
492,nvidia/MiniMax-M2.7-NVFP4,93202,,minimax_m2,MiniMaxM2ForCausalLM,116349510656,,
493,allenai/Olmo-3-7B-Think,92910,,olmo3,Olmo3ForCausalLM,528384,,
494,Salesforce/ctrl,92467,,ctrl,,,,
495,KBlueLeaf/DanTagGen-delta-rev2,92250,,llama,LlamaForCausalLM,392754176,,
496,LGAI-EXAONE/EXAONE-4.0-32B-AWQ,92055,,exaone4,Exaone4ForCausalLM,32003216384,,
497,unsloth/Llama-3.2-3B-Instruct-unsloth-bnb-4bit,91571,,llama,LlamaForCausalLM,3298757260,,
498,Qwen/Qwen1.5-7B,91520,,qwen2,Qwen2ForCausalLM,7721324544,,
499,unsloth/GLM-4.7-GGUF,91515,,,,,,
500,EleutherAI/pythia-1b,91331,,gpt_neox,GPTNeoXForCausalLM,1078891008,,
501,Qwen/Qwen-7B-Chat,90444,,qwen,QWenLMHeadModel,7721324544,,
502,Qwen/Qwen2.5-Coder-1.5B-Instruct-GGUF,90020,,,,,,
503,trl-internal-testing/tiny-FalconMambaForCausalLM,89902,,falcon_mamba,FalconMambaForCausalLM,525400,,
504,Qwen/Qwen2.5-0.5B-Instruct-GGUF,89637,,,,,,
505,Qwen/Qwen-VL-Chat,89286,,qwen,QWenLMHeadModel,,,
506,deepcogito/cogito-v1-preview-qwen-32B,89116,,qwen2,Qwen2ForCausalLM,,,
507,lmstudio-community/NVIDIA-Nemotron-3-Nano-30B-A3B-MLX-8bit,89016,,,,31577935872,,
508,google/reformer-crime-and-punishment,88688,,reformer,ReformerModelWithLMHead,,,
509,aubmindlab/aragpt2-base,88057,,gpt2,GPT2LMHeadModel,147577344,,
510,allenai/OLMoE-1B-7B-0125-Instruct,88056,,olmoe,OlmoeForCausalLM,6919161856,,
511,w-ahmad/Qwen3.5-9B-GGUF-MoQ,87922,,,,,,
512,lmstudio-community/NVIDIA-Nemotron-3-Nano-30B-A3B-MLX-6bit,87797,,,,31577935872,,
513,lmstudio-community/NVIDIA-Nemotron-3-Nano-30B-A3B-MLX-5bit,87564,,,,31577935872,,
514,EleutherAI/pythia-1.4b,87226,,gpt_neox,GPTNeoXForCausalLM,1515311488,,
515,tiiuae/falcon-mamba-7b,86655,,falcon_mamba,FalconMambaForCausalLM,,,
516,nvidia/Qwen3-32B-NVFP4,85666,,qwen3,Qwen3ForCausalLM,17159312384,,
517,trl-internal-testing/tiny-BloomForCausalLM,85531,,bloom,BloomForCausalLM,2007216,,
518,Qwen/Qwen1.5-0.5B-Chat,85072,,qwen2,Qwen2ForCausalLM,619570176,,
519,unsloth/DeepSeek-R1-Distill-Qwen-1.5B-GGUF,84882,,qwen2,Qwen2ForCausalLM,,,
520,ibm-granite/granite-4.0-tiny-preview,84701,,granitemoehybrid,GraniteMoeHybridForCausalLM,,,
521,unsloth/mistral-7b-instruct-v0.3-bnb-4bit,84130,,mistral,MistralForCausalLM,7466691910,,
522,abeja/gpt-neox-japanese-2.7b,83573,,gpt_neox_japanese,GPTNeoXJapaneseForCausalLM,,,
523,HuggingFaceH4/tiny-random-LlamaForCausalLM,83513,,llama,LlamaForCausalLM,,,
524,MaziyarPanahi/Meta-Llama-3.1-8B-Instruct-GGUF,82928,,,,,,
525,LiquidAI/LFM2-1.2B,82667,,lfm2,Lfm2ForCausalLM,1170340608,,
526,EleutherAI/pythia-6.9b,82277,,gpt_neox,GPTNeoXForCausalLM,6991520256,,
527,trl-internal-testing/tiny-Phi3ForCausalLM-3.5,82073,,phi3,Phi3ForCausalLM,514136,,
528,Qwen/Qwen-Audio-Chat,81984,,qwen,QWenLMHeadModel,8396222464,,
529,TrevorJS/gemma-4-26B-A4B-it-uncensored-GGUF,81741,,,,,,
530,ibm-granite/granite-34b-code-instruct-8k,81411,,gpt_bigcode,GPTBigCodeForCausalLM,33715603456,,
531,unsloth/llama-3-8b-bnb-4bit,81307,,llama,LlamaForCausalLM,8248929386,,
532,MaziyarPanahi/Qwen3-30B-A3B-Instruct-2507-GGUF,80948,,mistral,,,,
533,RedHatAI/granite-3.1-2b-instruct-quantized.w4a16,80873,,granite,GraniteForCausalLM,543603248,,
534,nvidia/Llama-3.1-Nemotron-Safety-Guard-8B-v3,80647,,llama,LlamaForCausalLM,8030261248,,
535,ibm-granite/granite-4.0-h-tiny,80037,,granitemoehybrid,GraniteMoeHybridForCausalLM,6939037248,,
536,mlx-community/Qwen3-30B-A3B-4bit,79305,,qwen3_moe,Qwen3MoeForCausalLM,,,
537,google/gemma-2b-it,79095,,gemma,GemmaForCausalLM,,,
538,ggml-org/Qwen3-Coder-30B-A3B-Instruct-Q8_0-GGUF,78901,,,,,,
539,mlx-community/gemma-3-1b-it-qat-4bit,78637,,gemma3_text,Gemma3ForCausalLM,,,
540,pearl-ai/Llama-3.3-70B-Instruct-pearl,78572,,llama,LlamaForCausalLM,70560710656,,
541,ibm-granite/granite-3.3-8b-instruct,78484,,granite,GraniteForCausalLM,8170864640,,
542,internlm/internlm-chat-7b,78455,,internlm,InternLMForCausalLM,,,
543,trl-internal-testing/tiny-GPTNeoXForCausalLM,78362,,gpt_neox,GPTNeoXForCausalLM,806192,,
544,unsloth/Llama-3.2-1B,77630,,llama,LlamaForCausalLM,1235814400,,
545,khazarai/Qwen3-4B-Qwen3.6-plus-Reasoning-Distilled-GGUF,77610,,qwen3,Qwen3ForCausalLM,,,
546,XLabs-AI/xflux_text_encoders,77539,,t5,T5EncoderModel,4762310656,,
547,stelterlab/NVIDIA-Nemotron-3-Nano-30B-A3B-AWQ,77444,,,,5053827112,,
548,MaziyarPanahi/Meta-Llama-3-8B-Instruct-GPTQ,77238,,llama,LlamaForCausalLM,8030261248,,
549,trl-internal-testing/tiny-Phi3ForCausalLM,76276,,phi3,Phi3ForCausalLM,514136,,
550,ibm-granite/granite-3.0-1b-a400m-base,75811,,granitemoe,GraniteMoeForCausalLM,1384956928,,
551,roneneldan/TinyStories-1M,75750,,gpt_neo,GPTNeoForCausalLM,,,
552,unsloth/Llama-3.2-1B-Instruct-unsloth-bnb-4bit,75645,,llama,LlamaForCausalLM,1264773672,,
553,unsloth/Llama-3.2-3B-Instruct-GGUF,75574,,llama,LlamaForCausalLM,,,
554,zai-org/GLM-4.7,74984,,glm4_moe,Glm4MoeForCausalLM,358337791296,,
555,unsloth/DeepSeek-R1-GGUF,74946,,deepseek_v3,DeepseekV3ForCausalLM,,,
556,google/medgemma-27b-text-it,74927,,gemma3_text,Gemma3ForCausalLM,,,
557,lmstudio-community/DeepSeek-R1-0528-Qwen3-8B-GGUF,74898,,,,,,
558,LuffyTheFox/Qwen3.5-9B-Claude-4.6-Opus-Uncensored-Distilled-GGUF,74859,,qwen3_5,Qwen3_5ForConditionalGeneration,,,
559,baichuan-inc/Baichuan2-7B-Chat,74824,,baichuan,BaichuanForCausalLM,,,
560,mmangkad/Qwen3.6-27B-NVFP4,74780,,qwen3_5,Qwen3_5ForConditionalGeneration,20294595312,,
561,Qwen/Qwen3-4B-MLX-4bit,74777,,qwen3,Qwen3ForCausalLM,565828096,,
562,stabilityai/stablelm-3b-4e1t,74536,,stablelm,StableLmForCausalLM,2795443200,,
563,unsloth/Nemotron-3-Nano-30B-A3B-GGUF,74483,,,,,,
564,baffo32/decapoda-research-llama-7B-hf,74324,,llama,LlamaForCausalLM,,,
565,tiiuae/Falcon-H1-0.5B-Base,74244,,falcon_h1,FalconH1ForCausalLM,521411104,,
566,MaziyarPanahi/gemma-3-4b-it-GGUF,74077,,mistral,,,,
567,MaziyarPanahi/Meta-Llama-3-8B-Instruct-GGUF,74055,,mistral,,,,
568,prefeitura-rio/Rio-3.0-Open,73679,,qwen3_moe,Qwen3MoeForCausalLM,235093634560,,
569,XiaomiMiMo/MiMo-7B-RL,73309,,mimo,MiMoForCausalLM,,,
570,openai/gpt-oss-safeguard-20b,73079,,gpt_oss,GptOssForCausalLM,,,
571,bartowski/Qwen2.5-7B-Instruct-GGUF,72947,,,,,,
572,TheBloke/Mistral-7B-Instruct-v0.2-GGUF,72727,,mistral,,,,
573,bartowski/DeepSeek-Coder-V2-Lite-Instruct-GGUF,72532,,,,,,
574,EleutherAI/pythia-2.8b,72184,,gpt_neox,GPTNeoXForCausalLM,2909427008,,
575,allenai/Olmo-3-7B-Instruct-SFT,72037,,olmo3,Olmo3ForCausalLM,7298011136,,
576,internlm/internlm2_5-7b-chat,71980,,internlm2,InternLM2ForCausalLM,7737708544,,
577,unsloth/Qwen3-4B-Instruct-2507,71867,,qwen3,Qwen3ForCausalLM,,,
578,unsloth/Qwen3-4B-GGUF,71613,,qwen3,Qwen3ForCausalLM,,,
579,Qwen/Qwen2-7B,71466,,qwen2,Qwen2ForCausalLM,7615616512,,
580,unsloth/Qwen3-0.6B-GGUF,71266,,qwen3,Qwen3ForCausalLM,,,
581,mlx-community/Qwen2.5-14B-Instruct-4bit,71167,,qwen2,Qwen2ForCausalLM,,,
582,MaziyarPanahi/Mixtral-8x22B-v0.1-GGUF,71029,,mixtral,MixtralForCausalLM,,,
583,Qwen/Qwen3-14B-Base,70869,,qwen3,Qwen3ForCausalLM,14768307200,,
584,MaziyarPanahi/Yi-Coder-1.5B-Chat-GGUF,70631,,mistral,,,,
585,GadflyII/GLM-4.7-Flash-NVFP4,70349,,glm4_moe_lite,Glm4MoeLiteForCausalLM,,,
586,MaziyarPanahi/Llama-3.3-70B-Instruct-GGUF,70339,,,,,,
587,openbmb/MiniCPM4.1-8B,70248,,minicpm,MiniCPMForCausalLM,8185253888,,
588,MaziyarPanahi/Llama-3-8B-Instruct-32k-v0.1-GGUF,70087,,mistral,,,,
589,microsoft/phi-1_5,69848,,phi,PhiForCausalLM,1418270720,,
590,RedHatAI/Llama-3.3-70B-Instruct-FP8-dynamic,69847,,llama,LlamaForCausalLM,70560423936,,
591,MaziyarPanahi/Mistral-Nemo-Instruct-2407-GGUF,69827,,mistral,,,,
592,MaziyarPanahi/Phi-4-mini-instruct-GGUF,69822,,mistral,,,,
593,MaziyarPanahi/Meta-Llama-3.1-70B-Instruct-GGUF,69815,,,,,,
594,unsloth/Qwen2.5-1.5B-Instruct-unsloth-bnb-4bit,69633,,qwen2,Qwen2ForCausalLM,1576741182,,
595,MaziyarPanahi/gemma-2-2b-it-GGUF,69527,,mistral,,,,
596,Qwen/Qwen2.5-Coder-3B-Instruct-GGUF,69288,,,,,,
597,meituan-longcat/LongCat-Flash-Chat,69276,,,LongcatFlashForCausalLM,561862880256,,
598,unsloth/gpt-oss-20b-BF16,69213,,gpt_oss,GptOssForCausalLM,20914757184,,
599,MaziyarPanahi/Yi-1.5-6B-Chat-GGUF,68890,,mistral,,,,
600,HuggingFaceTB/SmolLM2-360M,68754,,llama,LlamaForCausalLM,361821120,,
601,RedHatAI/Qwen3-8B-speculator.eagle3,68728,,,Eagle3Speculator,1022037632,,
602,lmstudio-community/Qwen2.5-Coder-32B-Instruct-MLX-4bit,68681,,qwen2,Qwen2ForCausalLM,5120300032,,
603,unsloth/Qwen2.5-7B,68495,,qwen2,Qwen2ForCausalLM,7615616512,,
604,MaziyarPanahi/Qwen2.5-7B-Instruct-GGUF,68286,,mistral,,,,
605,MaziyarPanahi/Llama-3.2-1B-Instruct-GGUF,68242,,mistral,,,,
606,MaziyarPanahi/Yi-Coder-9B-Chat-GGUF,68198,,mistral,,,,
607,MaziyarPanahi/WizardLM-2-7B-GGUF,68191,,mistral,,,,
608,microsoft/FrogBoss-32B-2510,68150,,qwen3,Qwen3ForCausalLM,,,
609,Qwen/Qwen2.5-Math-7B-Instruct,68110,,qwen2,Qwen2ForCausalLM,7615616512,,
610,MaziyarPanahi/Qwen2.5-1.5B-Instruct-GGUF,68032,,mistral,,,,
611,haykgrigorian/TimeCapsuleLLM-v2-llama-1.2B,67985,,llama,LlamaForCausalLM,1151952896,,
612,MaziyarPanahi/Llama-3.2-3B-Instruct-GGUF,67807,,mistral,,,,
613,DavidAU/GLM-4.7-Flash-Uncensored-Heretic-NEO-CODE-Imatrix-MAX-GGUF,67397,,,,,,
614,MaziyarPanahi/firefunction-v2-GGUF,67330,,,,,,
615,Qwen/Qwen3-30B-A3B-Base,67297,,qwen3_moe,Qwen3MoeForCausalLM,30532122624,,
616,bartowski/SmolLM2-1.7B-Instruct-GGUF,67211,,,,,,
617,ig1/medgemma-27b-text-it-FP8-Dynamic,67104,,gemma3_text,Gemma3ForCausalLM,28422129408,,
618,unsloth/Meta-Llama-3.1-8B-Instruct-unsloth-bnb-4bit,66980,,llama,LlamaForCausalLM,8243411714,,
619,MaziyarPanahi/Llama-3-8B-Instruct-64k-GGUF,66832,,mistral,,,,
620,MaziyarPanahi/Mistral-Small-24B-Instruct-2501-GGUF,66779,,mistral,,,,
621,MaziyarPanahi/solar-pro-preview-instruct-GGUF,66668,,mistral,,,,
622,MaziyarPanahi/Qwen2-7B-Instruct-GGUF,66638,,mistral,,,,
623,optimum-intel-internal-testing/opt-125m,66609,,opt,OPTForCausalLM,,,
624,MaziyarPanahi/gemma-3-1b-it-GGUF,66603,,mistral,,,,
625,MaziyarPanahi/mathstral-7B-v0.1-GGUF,66439,,mistral,,,,
626,MaziyarPanahi/Mistral-Small-Instruct-2409-GGUF,66431,,mistral,,,,
627,Qwen/Qwen3-30B-A3B-Thinking-2507-FP8,66311,,qwen3_moe,Qwen3MoeForCausalLM,,,
628,RedHatAI/Meta-Llama-3.1-8B-Instruct-FP8-dynamic,65885,,llama,LlamaForCausalLM,8031637504,,
629,google/gemma-2-9b,65759,,gemma2,Gemma2ForCausalLM,,,
630,MaziyarPanahi/Mistral-Large-Instruct-2411-GGUF,65633,,,,,,
631,Intel/Qwen3-Coder-Next-int4-AutoRound,65511,,qwen3_next,Qwen3NextForCausalLM,11823991872,,
632,w341e/Qwen3.5-122B-A10B-abliterated-NVFP4,65185,,qwen3_5_moe,Qwen3_5MoeForConditionalGeneration,71217533040,,
633,openbmb/MiniCPM-2B-sft-bf16,65150,,,MiniCPMForCausalLM,,,
634,lmstudio-community/Qwen3-4B-Thinking-2507-MLX-4bit,65092,,qwen3,Qwen3ForCausalLM,628676096,,
635,MaziyarPanahi/DeepSeek-R1-0528-Qwen3-8B-GGUF,65034,,mistral,,,,
636,Qwen/QwQ-32B,64815,,qwen2,Qwen2ForCausalLM,32763876352,,
637,MaziyarPanahi/gemma-3-12b-it-GGUF,64701,,mistral,,,,
638,MaziyarPanahi/Meta-Llama-3.1-405B-Instruct-GGUF,64636,,,,,,
639,unsloth/Llama-3.2-3B-Instruct-bnb-4bit,64620,,llama,LlamaForCausalLM,3301123016,,
640,unsloth/tinyllama-bnb-4bit,64619,,llama,LlamaForCausalLM,1130479968,,
641,ibm-granite/granite-3.1-8b-instruct,64529,,granite,GraniteForCausalLM,,,
642,Milos/slovak-gpt-j-405M,64283,,gptj,GPTJForCausalLM,,,
643,farbodtavakkoli/OTel-LLM-1.7B-IT,64215,,qwen3,Qwen3ForCausalLM,,,
644,unsloth/NVIDIA-Nemotron-3-Nano-Omni-30B-A3B-Reasoning-GGUF,64199,,,,,,
645,lmstudio-community/Qwen3-4B-Thinking-2507-MLX-8bit,64133,,qwen3,Qwen3ForCausalLM,1131460096,,
646,tiiuae/falcon-mamba-tiny-dev,64080,,falcon_mamba,FalconMambaForCausalLM,8765056,,
647,nm-testing/tinyllama-oneshot-w8w8-test-static-shape-change,63965,,llama,LlamaForCausalLM,1100048692,,
648,MaziyarPanahi/Ministral-3-3B-Reasoning-2512-GGUF,63904,,mistral,,,,
649,lmstudio-community/Qwen2.5-Coder-32B-Instruct-MLX-8bit,63861,,qwen2,Qwen2ForCausalLM,9215644672,,
650,MaziyarPanahi/mistral-small-3.1-24b-instruct-2503-hf-GGUF,63797,,mistral,,,,
651,MaziyarPanahi/gemma-3-27b-it-GGUF,63243,,,,,,
652,lmstudio-community/Qwen3-4B-Thinking-2507-MLX-6bit,63210,,qwen3,Qwen3ForCausalLM,880068096,,
653,trl-internal-testing/tiny-Qwen3ForCausalLM-Instruct-2507,63188,,qwen3,Qwen3ForCausalLM,2453368,,
654,MaziyarPanahi/phi-4-GGUF,63171,,mistral,,,,
655,Qwen/Qwen2.5-72B,63030,,qwen2,Qwen2ForCausalLM,72706203648,,
656,parasail-ai/GritLM-7B-vllm,62884,,mistral,GritLM,7241732096,,
657,baichuan-inc/Baichuan-7B,62743,,baichuan,BaiChuanForCausalLM,,,
658,unsloth/Qwen2.5-0.5B,62478,,qwen2,Qwen2ForCausalLM,494032768,,
659,BCCard/Qwen3-30B-A3B-FP8-Dynamic,62335,,qwen3_moe,Qwen3MoeForCausalLM,30554486784,,
660,MaziyarPanahi/QwQ-32B-GGUF,62328,,,,,,
661,upstage/SOLAR-10.7B-Instruct-v1.0,62280,,llama,LlamaForCausalLM,10731524096,,
662,z-lab/Qwen3.6-35B-A3B-DFlash,62211,,qwen3,DFlashDraftModel,473995264,,
663,MaziyarPanahi/INTELLECT-2-GGUF,61965,,,,,,
664,internlm/internlm2-chat-7b,61858,,internlm2,InternLM2ForCausalLM,,,
665,Qwen/Qwen2.5-7B-Instruct-GGUF,61772,,,,,,
666,google/functiongemma-270m-it,61769,,gemma3_text,Gemma3ForCausalLM,,,
667,pearl-ai/Llama-3.1-8B-Instruct-pearl,61575,,llama,LlamaForCausalLM,8031547392,,
668,meta-llama/Llama-2-13b-hf,61413,,llama,LlamaForCausalLM,,,
669,bartowski/Qwen2.5-Coder-14B-Instruct-GGUF,61317,,,,,,
670,RedHatAI/gpt-oss-20b-speculator.eagle3,61200,,,Eagle3DraftModel,854792768,,
671,MaziyarPanahi/DeepSeek-V3-0324-GGUF,61188,,,,,,
672,meta-llama/Llama-Guard-3-1B,61168,,llama,LlamaForCausalLM,1498482688,,
673,mlx-community/Llama-3.2-1B-Instruct-4bit,61150,,llama,LlamaForCausalLM,193153024,,
674,QuantFactory/Meta-Llama-3.1-8B-Instruct-GGUF,61058,,,,,,
675,microsoft/bitnet-b1.58-2B-4T-gguf,60757,,,,,,
676,tiny-random/qwen3-next-moe,60756,,qwen3_next,Qwen3NextForCausalLM,2839160,,
677,unsloth/MiniMax-M2.5-GGUF,60244,,,,,,
678,unsloth/Qwen3-8B-GGUF,59932,,qwen3,Qwen3ForCausalLM,,,
679,janhq/Jan-v3-4B-base-instruct-gguf,59760,,,,,,
680,nvidia/NVIDIA-Nemotron-Nano-9B-v2-FP8,59445,,nemotron_h,NemotronHForCausalLM,8888227432,,
681,Qwen/Qwen2.5-Coder-14B-Instruct-GGUF,59437,,,,,,
682,solidrust/Meta-Llama-3.1-8B-Instruct-abliterated-AWQ,59407,,llama,LlamaForCausalLM,8030261248,,
683,Zyphra/Zamba2-7B-Instruct,58448,,zamba2,Zamba2ForCausalLM,7356749648,,
684,TheBloke/Mistral-7B-Instruct-v0.1-GGUF,58170,,mistral,,,,
685,lmstudio-community/Qwen3-4B-Instruct-2507-MLX-4bit,58144,,qwen3,Qwen3ForCausalLM,628676096,,
686,peft-internal-testing/tiny-random-GPTJForCausalLM,57810,,gptj,GPTJForCausalLM,129184,,
687,RedHatAI/Qwen3-32B-NVFP4,57667,,qwen3,Qwen3ForCausalLM,19109664640,,
688,allenai/wildguard,57434,,mistral,MistralForCausalLM,7248031744,,
689,microsoft/DialoGPT-small,57301,,gpt2,GPT2LMHeadModel,175620096,,
690,lmstudio-community/Qwen3-4B-Instruct-2507-MLX-8bit,57025,,qwen3,Qwen3ForCausalLM,1131460096,,
691,unsloth/gemma-3-1b-it-GGUF,56835,,gemma3_text,Gemma3ForCausalLM,,,
692,Qwen/Qwen1.5-MoE-A2.7B-Chat,56771,,qwen2_moe,Qwen2MoeForCausalLM,,,
693,unsloth/gemma-2-2b-it-bnb-4bit,56759,,gemma2,Gemma2ForCausalLM,2677836404,,
694,uer/gpt2-chinese-cluecorpussmall,56527,,gpt2,GPT2LMHeadModel,,,
695,microsoft/Phi-3-mini-4k-instruct-gguf,56374,,,,,,
696,lmstudio-community/Qwen3-4B-Instruct-2507-MLX-6bit,56191,,qwen3,Qwen3ForCausalLM,880068096,,
697,tobil/qmd-query-expansion-1.7B-gguf,56133,,,,,,
698,lmstudio-community/Qwen3-4B-Instruct-2507-MLX-5bit,56057,,qwen3,Qwen3ForCausalLM,754372096,,
699,moonshotai/Kimi-Linear-48B-A3B-Instruct,55757,,kimi_linear,KimiLinearForCausalLM,49122681728,,
700,peft-internal-testing/tiny-random-GPT2LMHeadModel,55386,,gpt2,GPT2LMHeadModel,83161,,
701,baidu/ERNIE-4.5-21B-A3B-PT,55374,,ernie4_5_moe,Ernie4_5_MoeForCausalLM,,,
702,cyankiwi/Qwen3-30B-A3B-Instruct-2507-AWQ-4bit,55021,,qwen3_moe,Qwen3MoeForCausalLM,5306567040,,
703,DavidAU/OpenAi-GPT-oss-20b-abliterated-uncensored-NEO-Imatrix-gguf,54541,,,,,,
704,XCurOS/XCurOS-0.1-8B-Instruct,53965,,qwen2,XCurOSForCausalLM,7615616512,,
705,unsloth/DeepSeek-R1-Distill-Llama-8B-GGUF,53656,,llama,LlamaForCausalLM,,,
706,sarvamai/sarvam-30b,53509,,sarvam_moe,SarvamMoEForCausalLM,32152650368,,
707,zai-org/GLM-4.6,53483,,glm4_moe,Glm4MoeForCausalLM,356785898816,,
708,codellama/CodeLlama-7b-Instruct-hf,53414,,llama,LlamaForCausalLM,6738546688,,
709,lmstudio-community/Phi-4-mini-reasoning-MLX-4bit,53412,,phi3,Phi3ForCausalLM,599546880,,
710,unsloth/gemma-3-270m-it-GGUF,53251,,,,,,
711,nvidia/DeepSeek-V3.2-NVFP4,52671,,deepseek_v32,DeepseekV32ForCausalLM,394498304256,,
712,lmstudio-community/gpt-oss-120b-MLX-8bit,52419,,gpt_oss,GptOssForCausalLM,116829154368,,
713,TheBloke/Llama-2-7B-Chat-GGUF,52367,,llama,,,,
714,Qwen/Qwen3-4B-FP8,52105,,qwen3,Qwen3ForCausalLM,4411646016,,
715,nvidia/NVIDIA-Nemotron-Nano-9B-v2-Japanese,52069,,nemotron_h,NemotronHForCausalLM,8888227328,,
716,unsloth/DeepSeek-R1-0528-Qwen3-8B-GGUF,52003,,qwen3,Qwen3ForCausalLM,,,
717,nvidia/Nemotron-Cascade-2-30B-A3B,51514,,nemotron_h,NemotronHForCausalLM,31577937344,,
718,z-lab/Qwen3-4B-DFlash-b16,51358,,qwen3,DFlashDraftModel,537427200,,
719,xuefengli/qwen3_4b_openthoughts_400k,51163,,qwen3,Qwen3ForCausalLM,4022468096,,
720,prism-ml/Bonsai-8B-gguf,51163,,,,,,
721,mlx-community/LFM2.5-1.2B-Instruct-4bit,51152,,lfm2,Lfm2ForCausalLM,182975232,,
722,DavidAU/Llama-3.2-8X3B-MOE-Dark-Champion-Instruct-uncensored-abliterated-18.4B-GGUF,51116,,,,,,
723,tiiuae/falcon-7b-instruct,51078,,falcon,FalconForCausalLM,7217189760,,
724,RedHatAI/DeepSeek-V2.5-1210-FP8,51000,,deepseek_v2,DeepseekV2ForCausalLM,235741492480,,
725,optimum-intel-internal-testing/tiny-random-Phi3ForCausalLM,50835,,phi3,Phi3ForCausalLM,2072736,,
726,moonshotai/Moonlight-16B-A3B-Instruct,50821,,deepseek_v3,DeepseekV3ForCausalLM,15960111936,,
727,nvidia/DeepSeek-V3-0324-NVFP4,50538,,deepseek_v3,DeepseekV3ForCausalLM,396767013632,,
728,arnir0/Tiny-LLM,50415,,llama,LlamaForCausalLM,12988992,,
729,ibm-granite/granite-4.0-350m,50415,,granitemoehybrid,GraniteMoeHybridForCausalLM,352379904,,
730,KBlueLeaf/TIPO-500M-ft,50351,,llama,LlamaForCausalLM,507989760,,
731,NousResearch/Meta-Llama-3-8B-Instruct,50259,,llama,LlamaForCausalLM,,,
732,Qwen/Qwen2-0.5B-Instruct-GGUF,50206,,,,,,
733,moonshotai/Moonlight-16B-A3B,50100,,deepseek_v3,DeepseekV3ForCausalLM,15960111936,,
734,lmstudio-community/MiniMax-M2.5-MLX-8bit,49856,,minimax_m2,MiniMaxM2ForCausalLM,228689748992,,
735,Qwen/Qwen2.5-7B-Instruct-GPTQ-Int4,49787,,qwen2,Qwen2ForCausalLM,7615616512,,
736,ByteDance/Ouro-1.4B,49784,,ouro,OuroForCausalLM,,,
737,nvidia/Qwen3-8B-NVFP4,49781,,qwen3,Qwen3ForCausalLM,4717851648,,
738,RedHatAI/Qwen3-Coder-Next-NVFP4,49750,,qwen3_next,Qwen3NextForCausalLM,,,
739,ShahriarFerdoush/llama-3.2-1b-code-instruct,49545,,llama,LlamaForCausalLM,1235814400,,
740,RedHatAI/Qwen2-1.5B-Instruct-FP8,49495,,qwen2,Qwen2ForCausalLM,1543714304,,
741,deepseek-ai/deepseek-llm-7b-chat,49465,,llama,LlamaForCausalLM,,,
742,Qwen/Qwen2-1.5B-Instruct-AWQ,49327,,qwen2,Qwen2ForCausalLM,1777088000,,
743,DeSTA-ntu/Llama-3.1-8B-Instruct,49265,,llama,LlamaForCausalLM,8030261248,,
744,Qwen/Qwen2-1.5B-Instruct-GPTQ-Int4,49239,,qwen2,Qwen2ForCausalLM,1777675776,,
745,Qwen/Qwen3-8B-GGUF,49042,,,,,,
746,nvidia/NVIDIA-Nemotron-3-Nano-30B-A3B-Base-BF16,48573,,,,31577937344,,
747,bartowski/NemoMix-Unleashed-12B-GGUF,48455,,,,,,
748,LGAI-EXAONE/K-EXAONE-236B-A23B,48367,,exaone_moe,ExaoneMoEForCausalLM,237099669632,,
749,argilla-warehouse/Llama-3.2-1B-Instruct-v2-FC,48350,,llama,LlamaForCausalLM,,,
750,bartowski/TheDrummer_Cydonia-24B-v4.2.0-GGUF,48332,,,,,,
751,bartowski/gemma-2-2b-it-abliterated-GGUF,48211,,,,,,
752,AdamLucek/Orpo-Llama-3.2-1B-15k,48025,,llama,LlamaForCausalLM,1235818496,,
753,ENOSYS/GigaChat3.1-10B-A1.8B-750-v1-GGUF,47902,,,,,,
754,abaryan/CyberXP_Agent_Llama_3.2_1B,47897,,llama,LlamaForCausalLM,1235814400,,
755,Vikhrmodels/Vikhr-Llama-3.2-1B-Instruct,47875,,llama,LlamaForCausalLM,1235814400,,
756,google/gemma-2-27b-it,47786,,gemma2,Gemma2ForCausalLM,27227128320,,
757,ahczhg/Llama-3.2-1B-Aegis-SFT-DPO,47745,,llama,LlamaForCausalLM,1235814400,,
758,onnx-community/Qwen2.5-0.5B-Instruct,47454,,qwen2,Qwen2ForCausalLM,,,
759,timteh673/Qwen3.5-122B-A10B-Opus-Reasoning-GGUF,47409,,,,,,
760,prometheus-eval/prometheus-7b-v2.0,47173,,mistral,MistralForCausalLM,7241732096,,
761,unsloth/Qwen3-1.7B-unsloth-bnb-4bit,47160,,qwen3,Qwen3ForCausalLM,,,
762,peft-internal-testing/tiny-random-gpt2,46796,,gpt2,GPT2LMHeadModel,111968,,
763,lmstudio-community/Qwen3-14B-MLX-4bit,46788,,qwen3,Qwen3ForCausalLM,2307906560,,
764,deepseek-ai/deepseek-coder-6.7b-base,46751,,llama,LlamaForCausalLM,6740512768,,
765,Jackrong/Qwen3.5-2B-Claude-4.6-Opus-Reasoning-Distilled-GGUF,46559,,qwen3_5,Qwen3_5ForConditionalGeneration,,,
766,NousResearch/Hermes-4-70B-FP8,46423,,llama,LlamaForCausalLM,70560423936,,
767,antirez/deepseek-v4-gguf,46417,,,,,,
768,microsoft/Phi-4-mini-reasoning,46398,,phi3,Phi3ForCausalLM,,,
769,ibm-granite/granite-4.0-micro-base,46211,,granitemoehybrid,GraniteMoeHybridForCausalLM,3402836480,,
770,unsloth/Qwen2.5-3B-bnb-4bit,46084,,qwen2,Qwen2ForCausalLM,3172967410,,
771,lmstudio-community/Seed-OSS-36B-Instruct-MLX-8bit,46073,,seed_oss,SeedOssForCausalLM,36151104512,,
772,Youssofal/Qwen3.6-27B-Abliterated-Heretic-Uncensored-GGUF,46031,,,,,,
773,unsloth/Qwen2.5-0.5B-Instruct-unsloth-bnb-4bit,45683,,qwen2,Qwen2ForCausalLM,503634940,,
774,bigscience/bloom-1b7,45612,,bloom,BloomForCausalLM,1722408960,,
775,agentlans/flan-t5-small-simplifier,45581,,t5,T5ForConditionalGeneration,76961152,,
776,MaziyarPanahi/Qwen3-Coder-Next-GGUF,45391,,mistral,,,,
777,nvidia/Nemotron-H-8B-Base-8K,45319,,,,8100852736,,
778,Qwen/Qwen1.5-0.5B,45155,,qwen2,Qwen2ForCausalLM,619570176,,
779,lightseekorg/kimi-k2.5-eagle3-mla,45092,,kimi_k2,Eagle3DeepseekV2ForCausalLM,,,
780,MiniMaxAI/MiniMax-M1-40k,45063,,minimax_m1,MiniMaxM1ForCausalLM,,,
781,cyankiwi/Hermes-4-70B-AWQ-4bit,44808,,llama,LlamaForCausalLM,12798141536,,
782,Qwen/Qwen2.5-7B-Instruct-1M,44793,,qwen2,Qwen2ForCausalLM,7615616512,,
783,HuggingFaceTB/SmolLM-1.7B,44763,,llama,LlamaForCausalLM,1711376384,,
784,Rakuten/RakutenAI-3.0,44682,,deepseek_v3,DeepseekV3ForCausalLM,671067257432,,
785,Sao10K/L3.3-70B-Euryale-v2.3,44631,,llama,LlamaForCausalLM,70553706496,,
786,lmstudio-community/Seed-OSS-36B-Instruct-MLX-4bit,44555,,seed_oss,SeedOssForCausalLM,36151104512,,
787,bartowski/DeepSeek-R1-Distill-Qwen-14B-GGUF,44512,,,,,,
788,lmstudio-community/Seed-OSS-36B-Instruct-MLX-6bit,44288,,seed_oss,SeedOssForCausalLM,36151104512,,
789,lmstudio-community/Seed-OSS-36B-Instruct-MLX-5bit,44257,,seed_oss,SeedOssForCausalLM,36151104512,,
790,MaziyarPanahi/GLM-4.6V-Flash-GGUF,44204,,mistral,,,,
791,Dream-org/Dream-v0-Base-7B,44162,,Dream,DreamModel,7615616512,,
792,MaziyarPanahi/gpt-oss-20b-Derestricted-GGUF,43952,,mistral,,,,
793,microsoft/Phi-3-medium-4k-instruct,43911,,phi3,Phi3ForCausalLM,13960238080,,
794,internlm/internlm3-8b-instruct,43892,,internlm3,InternLM3ForCausalLM,,,
795,teknium/OpenHermes-2.5-Mistral-7B,43690,,mistral,MistralForCausalLM,,,
796,TheHouseOfTheDude/GLM-4.7-Flash_AWQ,43571,,,,,,
797,z-lab/Qwen3-8B-DFlash-b16,43412,,qwen3,DFlashDraftModel,1048626432,,
798,tomg-group-umd/DynaGuard-1.7B,43378,,qwen3,Qwen3ForCausalLM,,,
799,Vikhrmodels/QVikhr-3-1.7B-Instruction-noreasoning,43349,,qwen3,Qwen3ForCausalLM,1720574976,,
800,allenai/OLMo-2-0425-1B-Instruct,43266,,olmo2,Olmo2ForCausalLM,1484916736,,
801,lmstudio-community/Qwen3-Coder-30B-A3B-Instruct-GGUF,43266,,,,,,
802,ibm-granite/granite-3.0-8b-instruct,43062,,granite,GraniteForCausalLM,,,
803,MaziyarPanahi/Nemotron-Orchestrator-8B-GGUF,42871,,mistral,,,,
804,Qwen/Qwen3Guard-Gen-8B,42562,,qwen3,Qwen3ForCausalLM,8190735360,,
805,nn-tech/MetalGPT-1,42560,,qwen3,Qwen3ForCausalLM,32759593984,,
806,allenai/Olmo-3-1125-32B,42218,,olmo3,Olmo3ForCausalLM,32233522176,,
807,MaziyarPanahi/Trinity-Mini-GGUF,42211,,mistral,,,,
808,naver-hyperclovax/HyperCLOVAX-SEED-Think-14B,42122,,hyperclovax,HyperCLOVAXForCausalLM,14748112896,,
809,TrevorJS/gemma-4-31B-it-uncensored-GGUF,41975,,,,,,
810,lordx64/Qwen3.6-35B-A3B-Claude-4.7-Opus-Reasoning-Distilled-IQ4_XS-GGUF,41880,,,,,,
811,RedHatAI/Meta-Llama-3.1-8B-Instruct-quantized.w4a16,41784,,llama,LlamaForCausalLM,8031637504,,
812,inflatebot/MN-12B-Mag-Mell-R1,41734,,mistral,MistralForCausalLM,12247782400,,
813,XiaomiMiMo/MiMo-V2.5-Pro,41654,,mimo_v2,MiMoV2ForCausalLM,1023244718976,,
814,lmstudio-community/Qwen3-14B-MLX-8bit,41630,,qwen3,Qwen3ForCausalLM,4153891840,,
815,bartowski/DeepSeek-R1-Distill-Qwen-7B-GGUF,41378,,,,,,
816,TeichAI/Qwen3-14B-Claude-4.5-Opus-High-Reasoning-Distill-GGUF,41342,,qwen3,Qwen3ForCausalLM,,,
817,tencent/Hy3-preview,41161,,hy_v3,HYV3ForCausalLM,298786155776,,
818,nvidia/Llama-3_3-Nemotron-Super-49B-v1,40786,,nemotron-nas,DeciLMForCausalLM,49867145216,,
819,hugging-quants/Llama-3.2-1B-Instruct-Q4_K_M-GGUF,40520,,,,,,
820,Qwen/Qwen2-72B-Instruct,40466,,qwen2,Qwen2ForCausalLM,72706203648,,
821,unsloth/Llama-3.2-3B,40450,,llama,LlamaForCausalLM,3212749824,,
822,lightblue/karasu-1.1B,40437,,llama,LlamaForCausalLM,,,
823,lmstudio-community/QwQ-32B-MLX-4bit,40254,,qwen2,Qwen2ForCausalLM,5120300032,,
824,openbmb/MiniCPM4-0.5B,40198,,,MiniCPMForCausalLM,433873920,,
825,Qwen/Qwen3-0.6B-GGUF,40191,,,,,,
826,lmstudio-community/QwQ-32B-MLX-8bit,40040,,qwen2,Qwen2ForCausalLM,9215644672,,
827,openchat/openchat_3.5,39836,,mistral,MistralForCausalLM,,,
828,baidu/ERNIE-4.5-21B-A3B-Thinking,39807,,ernie4_5_moe,Ernie4_5_MoeForCausalLM,21825437888,,
829,lmstudio-community/Phi-4-reasoning-plus-MLX-4bit,39754,,phi3,Phi3ForCausalLM,2290897920,,
830,unsloth/Qwen3-14B-GGUF,39455,,qwen3,Qwen3ForCausalLM,,,
831,rico03/Qwen3.6-27B-Claude-Opus-Reasoning-Distilled-GGUF,39452,,qwen3_5,Qwen3_5ForConditionalGeneration,,,
832,tetf/gemma-3-1b-it-qat-q4_0-GGUF,39435,,,,,,
833,mlx-community/Llama-3.2-3B-Instruct-4bit,39345,,llama,LlamaForCausalLM,502139904,,
834,deepseek-ai/deepseek-math-7b-instruct,39324,,llama,LlamaForCausalLM,,,
835,ibm-granite/granite-3b-code-base-2k,39032,,llama,LlamaForCausalLM,3482503680,,
836,RedHatAI/gpt-oss-20b,38984,,gpt_oss,GptOssForCausalLM,21511953984,,
837,Qwen/Qwen3-4B-GGUF,38849,,,,,,
838,AEON-7/Qwen3.6-27B-AEON-Ultimate-Uncensored-Multimodal-NVFP4-MTP-XS,38789,,qwen3_5,Qwen3_5ForConditionalGeneration,17128059632,,
839,bartowski/dolphin-2.9-llama3-8b-GGUF,38774,,,,,,
840,TrevorJS/gemma-4-E2B-it-uncensored-GGUF,38690,,,,,,
841,huihui-ai/Huihui-gpt-oss-20b-BF16-abliterated,38583,,gpt_oss,GptOssForCausalLM,,,
842,bigcode/gpt_bigcode-santacoder,38567,,gpt_bigcode,GPTBigCodeForCausalLM,1124886528,,
843,HuggingFaceTB/SmolLM-135M-Instruct,38528,,llama,LlamaForCausalLM,134515008,,
844,naver-hyperclovax/HyperCLOVAX-SEED-Vision-Instruct-3B,38491,,hyperclovax_vlm,HCXVisionForCausalLM,,,
845,pfnet/plamo-2-1b,38381,,plamo2,Plamo2ForCausalLM,1291441920,,
846,lmstudio-community/Qwen2.5-Coder-14B-Instruct-GGUF,38201,,,,,,
847,unsloth/gpt-oss-120b-unsloth-bnb-4bit,37904,,gpt_oss,GptOssForCausalLM,116829156672,,
848,deepseek-ai/deepseek-coder-1.3b-instruct,37898,,llama,LlamaForCausalLM,,,
849,deepseek-ai/deepseek-moe-16b-base,37853,,deepseek,DeepseekForCausalLM,16375728128,,
850,casperhansen/llama-3-70b-instruct-awq,37729,,llama,LlamaForCausalLM,70553706496,,
851,muse-bench/MUSE-books_target,37639,,llama,LlamaForCausalLM,6738415616,,
852,LykosAI/GPT-Prompt-Expansion-Fooocus-v2,37627,,gpt2,GPT2LMHeadModel,,,
853,unsloth/Phi-3-mini-4k-instruct-bnb-4bit,37612,,mistral,MistralForCausalLM,3934684862,,
854,optimum-intel-internal-testing/tiny-random-ArceeForCausalLM,37585,,arcee,ArceeForCausalLM,4129088,,
855,optimum-intel-internal-testing/tiny-GptOssForCausalLM,37458,,gpt_oss,GptOssForCausalLM,3431024,,
856,Qwen/Qwen3-Coder-480B-A35B-Instruct,37429,,qwen3_moe,Qwen3MoeForCausalLM,480154875392,,
857,google/reformer-enwik8,37423,,reformer,ReformerModelWithLMHead,,,
858,unsloth/Qwen3-32B-unsloth-bnb-4bit,37358,,qwen3,Qwen3ForCausalLM,,,
859,deepseek-ai/deepseek-llm-7b-base,37083,,llama,LlamaForCausalLM,,,
860,allenai/OLMo-1B-hf,37060,,olmo,OlmoForCausalLM,1176764416,,
861,bullpoint/Qwen3-Coder-Next-AWQ-4bit,37052,,qwen3_next,Qwen3NextForCausalLM,14444722944,,
862,twinkle-ai/gemma-3-4B-T1-it,36853,,gemma3_text,Gemma3ForCausalLM,3880263168,,
863,LGAI-EXAONE/EXAONE-3.0-7.8B-Instruct,36722,,exaone,ExaoneForCausalLM,,,
864,unsloth/Qwen3-1.7B-GGUF,36696,,qwen3,Qwen3ForCausalLM,,,
865,bartowski/Qwen2.5-Coder-32B-Instruct-GGUF,36522,,,,,,
866,llm-jp/llm-jp-4-8b-thinking,36484,,llama,LlamaForCausalLM,8590200832,,
867,tartuNLP/Llammas-base-p1-GPT-4o-human-error-mix-paragraph-GEC,36445,,llama,LlamaForCausalLM,6738415616,,
868,ByteDance/Ouro-2.6B,36360,,ouro,OuroForCausalLM,,,
869,hpcai-tech/grok-1,36106,,,Grok1ModelForCausalLM,,,
870,kyujinpy/Ko-PlatYi-6B,36104,,llama,LlamaForCausalLM,,,
871,facebook/opt-6.7b,35956,,opt,OPTForCausalLM,,,
872,unsloth/GLM-5.1-GGUF,35824,,,,,,
873,unsloth/Llama-3.3-70B-Instruct,35755,,llama,LlamaForCausalLM,70553706496,,
874,RedHatAI/Qwen3-4B-quantized.w4a16,35550,,qwen3,Qwen3ForCausalLM,1260658680,,
875,stelterlab/Qwen3-30B-A3B-Instruct-2507-AWQ,35496,,qwen3_moe,Qwen3MoeForCausalLM,4605856128,,
876,Abiray/Qwen3.6-27B-AEON-Ultimate-Uncensored-GGUF,35494,,,,,,
877,unsloth/gpt-oss-120b,35482,,gpt_oss,GptOssForCausalLM,120412337472,,
878,ibm-granite/granite-8b-code-instruct-128k,35327,,llama,LlamaForCausalLM,8054910976,,
879,llm-jp/llm-jp-3-150m,35270,,llama,LlamaForCausalLM,152318464,,
880,unsloth/Qwen3-30B-A3B-GGUF,35254,,qwen3_moe,Qwen3MoeForCausalLM,,,
881,Ttimofeyka/MistralRP-Noromaid-NSFW-Mistral-7B-GGUF,35223,,mistral,MistralForCausalLM,,,
882,Qwen/Qwen3-14B-GGUF,35185,,,,,,
883,Jiunsong/supergemma4-26b-uncensored-mlx-4bit-v2,35181,,gemma4,Gemma4ForConditionalGeneration,25233053440,,
884,inclusionAI/Ling-lite-1.5,35157,,bailing_moe,BailingMoeForCausalLM,16801974272,,
885,openbmb/MiniCPM3-4B,35067,,minicpm3,MiniCPM3ForCausalLM,,,
886,allenai/OLMo-2-1124-7B-Instruct,35022,,olmo2,Olmo2ForCausalLM,7298617344,,
887,nytopop/Qwen3-8B.w8a8,35005,,qwen3,Qwen3ForCausalLM,8192136192,,
888,z-lab/Qwen3.6-27B-DFlash,34966,,qwen3,DFlashDraftModel,1730213120,,
889,RedHatAI/Qwen3-8B-FP8-dynamic,34928,,qwen3,Qwen3ForCausalLM,8192136192,,
890,bartowski/Phi-3.5-mini-instruct-GGUF,34831,,,,,,
891,lmstudio-community/MiniMax-M2.5-MLX-4bit,34694,,minimax_m2,MiniMaxM2ForCausalLM,228689748992,,
892,lmstudio-community/MiniMax-M2.5-MLX-6bit,34479,,minimax_m2,MiniMaxM2ForCausalLM,228689748992,,
893,stelterlab/Qwen3-Coder-30B-A3B-Instruct-AWQ,34407,,qwen3_moe,Qwen3MoeForCausalLM,4605856128,,
894,tencent/Hunyuan-A13B-Instruct,34372,,hunyuan_v1_moe,HunYuanMoEV1ForCausalLM,,,
895,ibm-granite/granite-4.1-8b,34216,,granite,GraniteForCausalLM,8791592960,,
896,inclusionAI/Ring-2.5-1T,34024,,bailing_hybrid,BailingMoeV2_5ForCausalLM,1012474606720,,
897,allenai/OLMoE-1B-7B-0924-Instruct,33994,,olmoe,OlmoeForCausalLM,6919161856,,
898,upstage/solar-pro-preview-instruct,33951,,solar,SolarForCausalLM,,,
899,Qwen/Qwen2.5-Coder-32B,33901,,qwen2,Qwen2ForCausalLM,32763876352,,
900,bartowski/gemma-2-9b-it-GGUF,33895,,,,,,
901,TheBloke/merlyn-education-safety-AWQ,33612,,gpt_neox,GPTNeoXForCausalLM,11846072320,,
902,google/gemma-7b-it,33557,,gemma,GemmaForCausalLM,,,
903,Qwen/Qwen2.5-Coder-0.5B,33409,,qwen2,Qwen2ForCausalLM,494032768,,
904,QuantTrio/GLM-4.7-Flash-AWQ,33345,,glm4_moe_lite,Glm4MoeLiteForCausalLM,31221488576,,
905,Qwen/Qwen2.5-14B-Instruct-GPTQ-Int8,33005,,qwen2,Qwen2ForCausalLM,14770033664,,
906,unsloth/gemma-2-9b-it,32940,,gemma2,Gemma2ForCausalLM,9241705984,,
907,TinyLlama/TinyLlama_v1.1,32867,,llama,LlamaForCausalLM,,,
908,FrontiersMind/Nandi-Mini-150M-Instruct,32858,,nandi,NandiForCausalLM,153412928,,
909,Qwen/Qwen3-Next-80B-A3B-Thinking,32780,,qwen3_next,Qwen3NextForCausalLM,,,
910,shennguyen/Huihui-Qwen3.6-35B-A3B-Claude-4.7-Opus-abliterated-GGUF,32724,,,,,,
911,unsloth/Qwen2.5-1.5B-Instruct-bnb-4bit,32697,,qwen2,Qwen2ForCausalLM,1584858476,,
912,Qwen/Qwen1.5-1.8B,32564,,qwen2,Qwen2ForCausalLM,1836828672,,
913,Qwen/Qwen1.5-1.8B-Chat,32518,,qwen2,Qwen2ForCausalLM,1836828672,,
914,allenai/Olmo-Hybrid-7B,32493,,olmo_hybrid,OlmoHybridForCausalLM,,,
915,Qwen/Qwen3-30B-A3B-GGUF,32366,,,,,,
916,lmstudio-community/Qwen3-30B-A3B-Instruct-2507-MLX-4bit,32362,,qwen3_moe,Qwen3MoeForCausalLM,30532122624,,
917,Qwen/Qwen2-72B,32321,,qwen2,Qwen2ForCausalLM,72706203648,,
918,solidrust/Hermes-3-Llama-3.1-8B-AWQ,32291,,llama,LlamaForCausalLM,8030261248,,
919,Qwen/Qwen3-235B-A22B-Thinking-2507,32254,,qwen3_moe,Qwen3MoeForCausalLM,,,
920,unsloth/gpt-oss-20b-bnb-4bit,32083,,gpt_oss,GptOssForCausalLM,20914757184,,
921,unsloth/Qwen3-1.7B-Base,32078,,qwen3,Qwen3ForCausalLM,,,
922,janhq/Jan-code-4b-gguf,32038,,,,,,
923,nvidia/NVIDIA-Nemotron-3-Nano-4B-FP8,31949,,nemotron_h,NemotronHForCausalLM,3973556900,,
924,lmstudio-community/ERNIE-4.5-21B-A3B-MLX-4bit,31788,,ernie4_5_moe,Ernie4_5_MoeForCausalLM,21825436160,,
925,EleutherAI/gpt-neo-1.3B,31648,,gpt_neo,GPTNeoForCausalLM,1365907456,,
926,LiquidAI/LFM2.5-1.2B-Thinking,31640,,lfm2,Lfm2ForCausalLM,1170340608,,
927,bartowski/Mistral-7B-Instruct-v0.3-GGUF,31510,,,,,,
928,optimum-intel-internal-testing/phi-3.5-moe-tiny-random,31442,,phimoe,PhiMoEForCausalLM,1110112,,
929,echarlaix/tiny-random-PhiForCausalLM,31405,,phi,PhiForCausalLM,80074,,
930,lmstudio-community/ERNIE-4.5-21B-A3B-MLX-6bit,31385,,ernie4_5_moe,Ernie4_5_MoeForCausalLM,21825436160,,
931,lmstudio-community/ERNIE-4.5-21B-A3B-MLX-8bit,31380,,ernie4_5_moe,Ernie4_5_MoeForCausalLM,21825436160,,
932,swiss-ai/Apertus-8B-2509,31302,,apertus,ApertusForCausalLM,8053338176,,
933,unsloth/Llama-3.2-1B-Instruct-GGUF,31031,,llama,LlamaForCausalLM,,,
934,lmstudio-community/Qwen3-1.7B-MLX-8bit,30966,,qwen3,Qwen3ForCausalLM,484000768,,
935,ai-forever/rugpt3small_based_on_gpt2,30956,,gpt2,GPT2LMHeadModel,,,
936,stabilityai/stablelm-zephyr-3b,30944,,stablelm,StableLmForCausalLM,2795443200,,
937,optimum-intel-internal-testing/tiny-random-gpt-oss-mxfp4,30895,,gpt_oss,GptOssForCausalLM,6865444,,
938,ibm-granite/granite-3.3-2b-instruct,30889,,granite,GraniteForCausalLM,,,
939,unsloth/Meta-Llama-3.1-8B-bnb-4bit,30734,,llama,LlamaForCausalLM,8248929356,,
940,txn545/Qwen3.5-35B-A3B-NVFP4,30711,,qwen3_5_moe,Qwen3_5MoeForConditionalGeneration,,,
941,AEON-7/Qwen3.6-27B-AEON-Ultimate-Uncensored-NVFP4,30684,,qwen3_5,Qwen3_5ForConditionalGeneration,19135893232,,
942,deepseek-ai/deepseek-moe-16b-chat,30623,,deepseek,DeepseekForCausalLM,16375728128,,
943,QuantTrio/MiniMax-M2.7-AWQ,30287,,minimax_m2,MiniMaxM2ForCausalLM,228689764864,,
944,lmstudio-community/Qwen3-30B-A3B-Instruct-2507-MLX-8bit,30264,,qwen3_moe,Qwen3MoeForCausalLM,30532122624,,
945,starvector/starvector-1b-im2svg,30097,,starvector,StarVectorForCausalLM,1434095620,,
946,unsloth/gemma-3-270m-it,30083,,gemma3_text,Gemma3ForCausalLM,268098176,,
947,unsloth/Kimi-K2-Instruct-GGUF,30006,,deepseek_v3,DeepseekV3ForCausalLM,,,
948,Qwen/CodeQwen1.5-7B-Chat,29968,,qwen2,Qwen2ForCausalLM,7250284544,,
949,lmstudio-community/Qwen3-1.7B-MLX-4bit,29864,,qwen3,Qwen3ForCausalLM,268944384,,
950,mlabonne/NeuralMonarch-7B,29754,,mistral,MistralForCausalLM,7241732096,,
951,google/t5gemma-b-b-ul2,29749,,t5gemma,T5GemmaForConditionalGeneration,591490560,,
952,zai-org/GLM-4.5-Air-FP8,29706,,glm4_moe,Glm4MoeForCausalLM,,,
953,lmstudio-community/Qwen3-1.7B-MLX-bf16,29594,,qwen3,Qwen3ForCausalLM,1720574976,,
954,HuggingFaceTB/SmolLM-360M,29372,,llama,LlamaForCausalLM,,,
955,mlx-community/DeepSeek-V4-Flash-2bit-DQ,29322,,deepseek_v4,DeepseekV4ForCausalLM,284333146519,,
956,cyankiwi/Hermes-4-14B-AWQ-4bit,29319,,qwen3,Qwen3ForCausalLM,3620634160,,
957,allenai/Llama-3.1-Tulu-3-8B-SFT,29283,,llama,LlamaForCausalLM,8030326784,,
958,lmstudio-community/Qwen3-30B-A3B-Instruct-2507-MLX-6bit,29212,,qwen3_moe,Qwen3MoeForCausalLM,30532122624,,
959,petals-team/StableBeluga2,29153,,llama,LlamaForCausalLM,68976648192,,
960,allenai/Olmo-3.1-32B-Instruct,29069,,olmo3,Olmo3ForCausalLM,,,
961,hugohrban/progen2-small,29068,,progen,ProGenForCausalLM,151148576,,
962,bartowski/Mistral-Nemo-Instruct-2407-GGUF,29035,,,,,,
963,yujiepan/llama-2-tiny-random,28880,,llama,LlamaForCausalLM,513050,,
964,unsloth/Llama-3.2-1B-Instruct-bnb-4bit,28865,,llama,LlamaForCausalLM,1266351458,,
965,lmstudio-community/Qwen3-8B-MLX-4bit,28804,,qwen3,Qwen3ForCausalLM,1280062464,,
966,unsloth/Qwen2.5-1.5B-unsloth-bnb-4bit,28787,,qwen2,Qwen2ForCausalLM,1579330356,,
967,cazzz307/Abliterated-Llama-3.2-1B-Instruct,28775,,llama,LlamaForCausalLM,1235814400,,
968,TechxGenus/gemma-1.1-2b-it-GPTQ,28746,,gemma,GemmaForCausalLM,3031170048,,
969,bharatgenai/Param2-17B-A2.4B-Thinking,28677,,param2moe,Param2MoEForCausalLM,17151140480,,
970,openai/gpt-oss-safeguard-120b,28447,,gpt_oss,GptOssForCausalLM,,,
971,Qwen/Qwen2.5-Coder-3B-Instruct-AWQ,28385,,qwen2,Qwen2ForCausalLM,3397103616,,
972,cyankiwi/Nemotron-Orchestrator-8B-AWQ-8bit,28348,,qwen3,Qwen3ForCausalLM,3198465528,,
973,katuni4ka/tiny-random-phi3,28331,,phi3,Phi3ForCausalLM,3106032,,
974,unsloth/gemma-2-9b-it-bnb-4bit,28328,,gemma2,Gemma2ForCausalLM,9502508184,,
975,Harvard-DCML/boomerang-qwen3-2.3B,28308,,qwen3,Qwen3ForCausalLM,2695600384,,
976,unsloth/Qwen2.5-1.5B-Instruct,28307,,qwen2,Qwen2ForCausalLM,1543714304,,
977,LiquidAI/LFM2-24B-A2B-GGUF,28307,,,,,,
978,LGAI-EXAONE/EXAONE-4.0-32B,28232,,exaone4,Exaone4ForCausalLM,32003216384,,
979,CohereLabs/c4ai-command-r7b-12-2024,28210,,cohere2,Cohere2ForCausalLM,8028033024,,
980,Snowflake/snowflake-arctic-instruct,28182,,arctic,ArcticForCausalLM,,,
981,JunHowie/Qwen3-32B-GPTQ-Int4,28123,,qwen3,Qwen3ForCausalLM,32762123264,,
982,ibm-ai-platform/Bamba-9B-v1,27964,,bamba,BambaForCausalLM,9780235392,,
983,unsloth/Phi-4-mini-instruct-GGUF,27754,,phi3,Phi3ForCausalLM,,,
984,ByteDance-Seed/Seed-OSS-36B-Instruct,27723,,seed_oss,SeedOssForCausalLM,,,
985,NousResearch/Llama-2-7b-chat-hf,27696,,llama,LlamaForCausalLM,6738417664,,
986,Abiray/gemma-4-E4B-it-OBLITERATED-GGUF,27640,,,,,,
987,nferruz/ProtGPT2,27363,,gpt2,GPT2LMHeadModel,,,
988,mlx-community/deepseek-ai-DeepSeek-V4-Flash-8bit,27252,,deepseek_v4,DeepseekV4ForCausalLM,284299262080,,
989,chankhavu/Nemotron-Cascade-2-30B-A3B-NVFP4,27222,,nemotron_h,NemotronHForCausalLM,16332031424,,
990,lmstudio-community/Qwen3-8B-MLX-8bit,27200,,qwen3,Qwen3ForCausalLM,2303865856,,
991,mlx-community/Josiefied-Qwen3-8B-abliterated-v1-4bit,27196,,qwen3,Qwen3ForCausalLM,1280062464,,
992,mradermacher/gemma-4-E4B-it-OBLITERATED-i1-GGUF,27151,,,,,,
993,RedHatAI/Mistral-Small-3.2-24B-Instruct-2506-NVFP4,27139,,mistral3,Mistral3ForConditionalGeneration,14285819440,,
994,mlx-community/Qwen3-Embedding-0.6B-4bit-DWQ,27119,,qwen3,Qwen3ForCausalLM,,,
995,ByteDance-Seed/academic-ds-9B,27115,,deepseek_v3,DeepseekV3ForCausalLM,9366498240,,
996,KyleHessling1/Qwopus3.5-27B-v3-FP8-vllm-ready,26990,,qwen3_5_text,Qwen3_5ForCausalLM,26899902464,,
997,GSAI-ML/LLaDA-1.5,26926,,llada,LLaDAModelLM,8015581184,,
998,inclusionAI/Ling-mini-2.0,26907,,bailing_moe,BailingMoeV2ForCausalLM,16255643392,,
999,CausalLM/14B-DPO-alpha,26906,,llama,LlamaForCausalLM,,,
1000,RedHatAI/Meta-Llama-3-8B-Instruct-FP8-KV,26862,,llama,LlamaForCausalLM,8030261248,,
